Gene,RSP_Area,RMSD,Deviation_Score
1110008F13Rik,1.7500784269877832,0.7463693890475336,1.841511689557979
1810022K09Rik,1.788134221591308,0.7544407203724295,1.8069104718099749
1810037I17Rik,1.6378012724084012,0.7220307033720835,1.8809807857534602
2010107E04Rik,1.4287694660358468,0.6743822700195681,2.0104058561609306
2410006H16Rik,1.9138421462024955,0.7805093694065804,1.7556917465630952
2410015M20Rik,1.6938744827946712,0.7342867245347686,1.861210583836023
2700060E02Rik,2.038294980701653,0.8054870845123061,1.6665938076173845
AW112010,1.8994178048968355,0.7775625153594901,1.7581856515518117
Aamp,1.894462474310016,0.7765475739303315,1.75713021393675
Actb,0.4993442486313667,0.3986805876242043,2.7700973919792964
Actc1,1.428850760860029,0.6744014554128561,1.96276687816044
Actg1,1.2902802682119152,0.640865793532254,2.1014751685617226
Actr3,2.0218005942575417,0.8022213641161887,1.6780314753522567
Ak2,1.9564864600976903,0.7891571341842025,1.7317181231544998
Ak6,2.065578941295468,0.810860159156556,1.658336684613557
Akr1a1,1.125206210550384,0.5984682621606489,2.1998858654113
Aldh2,1.9112262213773255,0.7799757694942149,1.6950136332850523
Aldoa,1.166029526418392,0.6092279752614597,2.2101345247790087
Alox5ap,1.9607734407124542,0.7900212470214841,1.6787247021204095
Anapc11,1.8510344140085264,0.7675953059036603,1.7824036262134109
Anapc13,1.9600088855139743,0.78986720736284,1.7130498313590636
Anapc5,1.9873322434620377,0.795353695047542,1.7011119006988047
Anp32a,1.8093830993922406,0.7589100924552384,1.7913507688786536
Anp32b,1.885724709865111,0.7747546823163609,1.7470375593355993
Anp32e,1.9286178987265519,0.78351652429012,1.7443006409644268
Anxa1,1.9141866866847972,0.7805796220586119,1.6568834544453184
Anxa2,1.4438202411690177,0.6779249638686891,1.9810387139446894
Anxa3,2.0961932681795474,0.8168470117552369,1.6025341900635734
Anxa5,1.6785319795512357,0.7309537080874593,1.858029203048123
Anxa6,1.9431298748688548,0.7864588033138346,1.723241263965592
Ap2s1,1.8076434521954865,0.7585451743497019,1.7871956670065978
Apex1,1.769672637956242,0.7505360057788167,1.8290029941190744
Apobec3,2.014855189283514,0.8008422603594639,1.6872619220296694
Apoe,1.2653559519872495,0.6346458138671076,1.9896993804196275
Aprt,1.5001470920913615,0.6910221777501399,1.9302762846372146
Arf1,1.5773836399227736,0.7085878963770067,1.8827680238376456
Arf4,1.6534987845011664,0.7254826048221987,1.8621845801430816
Arf5,1.687683674953187,0.7329436530106462,1.8616722014665334
Arhgdia,1.690936424094821,0.7336496307486622,1.7734192023665714
Arhgdib,1.5457918310285832,0.7014562151685176,1.840260695404829
Arl1,1.985125550344871,0.794912000155244,1.7026263192358206
Arl6ip1,1.8100992171607844,0.7590602583430501,1.7685316252414194
Arpc1b,1.1314466199123254,0.6001255242091665,2.0098724701845874
Arpc2,1.0222125953728671,0.5704212258399705,2.105897875300882
Arpc3,1.2734995340203112,0.6366847663711734,2.1483264349365188
Arpc5,1.774378597971217,0.7515332657754892,1.7990175928598362
Arpp19,1.5632674836384517,0.7054101606808456,1.9513169354919326
Atf4,1.9306807186556885,0.7839354308950013,1.7113620713138211
Atox1,1.437497414843855,0.676438939231355,2.0322721481499753
Atp1b3,1.8623587684991252,0.7699397428593624,1.7672713204681738
Atp5a1,1.1942179625904488,0.6165479573810979,2.127561303259881
Atp5b,0.6141579833331617,0.44214540342928493,3.1314418414155654
Atp5c1,1.389370488108062,0.6650190688520105,1.932459336059662
Atp5d,1.3730438761525712,0.6611001739097303,2.0557866914856247
Atp5e,1.621049055096436,0.7183285740008454,1.8744144283919195
Atp5f1,1.289957459296923,0.6407856209768875,2.0662357789692716
Atp5g1,1.1403400965530788,0.6024794820943061,2.2947495762714505
Atp5g3,1.4113761977494674,0.6702648706803485,2.055138071544283
Atp5h,1.2998677533011853,0.6432423778073705,2.0981708324513875
Atp5j,0.9089220827503974,0.5378837092813027,2.433029223618427
Atp5j2,0.8745639004862815,0.5276194989045044,2.6591159721806266
Atp5k,1.5195508965542692,0.6954768672879541,1.9159590762136385
Atp5o,0.9133916019321942,0.5392045779222084,2.6430065089136456
Atp6v0e,1.9043582973857327,0.7785731005461274,1.7423363957502318
Atp6v1e1,1.960092994139351,0.7898841547177297,1.7226522432525502
Atp6v1f,1.7586592247203765,0.7481969110179596,1.7730099790406932
Atpif1,0.6580875949815413,0.45768524933357746,3.0301781479164673
Atxn10,2.0375073817706078,0.8053314490258253,1.6625073261244758
Aurkaip1,1.948685362730075,0.7875822598425062,1.73159758010278
B2m,1.0608082594266743,0.5810901447460022,1.9329478657692738
BC100530,1.7674716588812138,0.7500691318615604,1.648821429196996
Banf1,1.4178799829218505,0.671807424777465,1.9986898706591107
Bcap31,1.932983246848603,0.7844027519709202,1.7440968500685776
Bex2,2.087566555217652,0.8151644451228345,1.6389269980054135
Bex3,1.7045052760616533,0.7365873202973668,1.7753878615182983
Bin2,1.9985184830890597,0.7975889861879242,1.7079701426994522
Birc5,1.5116439743702652,0.6936650643013615,1.9828167723329349
Bnip3l,2.0457239559511486,0.8069536291400294,1.6687625202860752
Bola2,1.8571187684346477,0.7688558147079427,1.753523228842137
Brk1,1.9908203357940653,0.7960513767961116,1.6835719449824431
Bsg,1.7035407316336233,0.7363788810087848,1.826074330598007
Btf3,1.3002391755795315,0.6433342708036208,2.1538891716391277
Btg2,2.037115586641956,0.8052540161509454,1.6591302132551868
Bub3,1.8846302941294475,0.7745298279749259,1.7627440770907805
Bud31,1.603343532544387,0.7143949169456069,1.929631045727829
Bzw1,2.0568684032172655,0.8091486558866197,1.6608187334178115
C1qbp,1.9776950078750244,0.7934228840050873,1.6827441324758348
Cacybp,1.8913452505190564,0.7759084297950203,1.7627017505796294
Calm1,0.34678675219150723,0.33224336204072624,4.020883100740435
Calm2,1.2968329869868738,0.6424910586826692,2.036010889015272
Calm3,1.9765977383701656,0.7932027490697102,1.6338062078160753
Calr,1.3205944461423633,0.6483504205647759,2.0970220278408203
Camp,1.954365848099171,0.7887293392983011,1.6372989294168063
Capns1,1.8546915154513002,0.768353203409308,1.768227631037985
Capza2,2.0296776089736714,0.8037825879565926,1.6557737095801957
Capzb,1.4850489902003363,0.6875360172732933,1.980259584875268
Car2,2.00759035949984,0.7993971846560817,1.6967751115876883
Ccl4,1.8833842767417854,0.774273746662005,1.7556235329447447
Ccl5,1.801983251281496,0.7573566422898197,1.8066379981537926
Ccnb2,2.0228399633037273,0.8024275409575826,1.6703439024115072
Ccnd2,1.87443111950802,0.7724311984312605,1.770378209168709
Ccnd3,1.6550313197554094,0.7258187315176932,1.7299227596781974
Cct2,1.9048625143070952,0.7786761651192753,1.7552487238865466
Cct3,1.894903433751322,0.7766379441713219,1.7427951942120814
Cct4,1.6421804175862904,0.7229953401061047,1.9053050105509164
Cct5,1.916445728193475,0.7810400896360422,1.7296289232955353
Cct6a,1.8618879834068198,0.7698424202946941,1.7735191449047676
Cct7,1.6107509973446406,0.7160432714823872,1.9219420736177846
Cct8,1.6713468905360382,0.729387577698002,1.9035907702962829
Cd160,1.9889188273928893,0.7956711164647294,1.713101332357021
Cd24a,1.9969487208616505,0.7972756863546877,1.6777868157421574
Cd3g,1.9129250054075,0.780322331315328,1.7466536949074356
Cd47,2.020313348892528,0.8019262510615135,1.6822526801355713
Cd52,1.405241444941396,0.6688065822044826,1.8459687546264991
Cd53,1.9013092173816009,0.7779495617229497,1.7501563975273442
Cd63,0.9572744437344941,0.5520053615969489,2.396039877961933
Cd69,2.01100022598844,0.8000757795671344,1.6967091807735215
Cd7,2.01914338989266,0.8016940205748612,1.6905200504322946
Cd81,2.0080633393889813,0.799491346426432,1.6458087085836028
Cd9,1.84548057391095,0.7664428950913376,1.7478011758672893
Cdc37,1.9433141867407646,0.7864961014530197,1.7175775698348146
Cdc42,1.2488062268004068,0.6304818537582557,1.9829266994233892
Cdca3,1.9283356278802444,0.7834591847918494,1.720799611211914
Cdk1,1.8710383905585142,0.7717318298114854,1.7644392996167626
Cdk2ap2,1.7613343498520762,0.7487657420268473,1.7455157248046456
Cdk4,1.126617315087953,0.5988434096976722,2.1779741162795236
Cdkn1c,1.64052019919857,0.7226297792708978,1.7734572077325672
Cenpa,1.9557206943088215,0.7890026816258137,1.724431187369388
Cenpw,1.9656582359673047,0.7910047088146718,1.7226069532726918
Cenpx,1.91359101351653,0.7804581588495128,1.7545881337358524
Cetn3,1.8832548839246948,0.7742471490145364,1.7339187876410953
Cfdp1,1.8284137256682682,0.7628906638007488,1.786738578401246
Cfl1,0.3680303478166298,0.34226845914529186,2.710828985512395
Chchd2,0.6984322167037883,0.471505969639914,2.730431111943356
Chchd7,2.0422648812850364,0.8062711094408584,1.6631897713714954
Chga,2.065959092379514,0.8109347714555657,1.6431367357645672
Ckb,1.9220950359864846,0.7821904193604566,1.7375420823072805
Cks1b,1.7706295467808948,0.7507388956950902,1.8170482916908655
Clic1,0.9640765282563144,0.5539630763703765,2.2691778804910476
Clta,1.5210474766863635,0.695819264740621,1.924146831159893
Cmtm3,2.004748859911971,0.7988312596698152,1.6975409233767202
Cmtm7,1.6567274739542097,0.7261905629185245,1.8785877433241374
Cnbp,1.1203603413303989,0.5971781750312984,2.117628983812476
Cnn2,1.8907240217462868,0.7757809923986405,1.736775622131938
Cnn3,2.0759596668297036,0.8128951256285788,1.6482326682718935
Cnpy2,1.8881958171884916,0.7752621464137007,1.7435719007161354
Col1a1,2.069275211833892,0.8115853357237214,1.6508771821473658
Col1a2,1.9869396838289137,0.7952751376810661,1.680917131606385
Col3a1,1.9146888964290865,0.7806820125375699,1.711417553894525
Cope,1.8409514025687077,0.7655018167330075,1.7898043778372539
Cops5,2.002758786949765,0.7984346695425784,1.6862373885592923
Cops9,1.6521480724683362,0.7251862277416508,1.8432899864053376
Coro1a,1.4452489142652958,0.6782602873580565,1.8827046955139966
Cotl1,1.3683101096827888,0.6599595709414772,1.9467511245081464
Cox14,1.8857531796931322,0.7747605307440759,1.7631451706979389
Cox17,1.9316446323789926,0.7841311006968716,1.7168853432337265
Cox4i1,0.4123887574726559,0.36230845760842506,3.649248800436743
Cox5a,1.0215524808159024,0.5702370155464119,2.3349409909011767
Cox5b,1.3659141894853795,0.6593815209663642,2.1012733715341083
Cox6a1,0.5067185011100237,0.40161363076413714,3.596381226196531
Cox6b1,0.7177827021435798,0.4779930231959632,2.5203057286794723
Cox6c,0.4734249537969945,0.3881956248590235,3.5509499670393425
Cox7a2,1.2031181104335429,0.6188411660497048,2.1700082581005122
Cox7b,1.1125466062712932,0.5950920799476145,2.2219601759891567
Cox7c,1.0866187009251151,0.5881168889061527,2.2099969392711865
Cox8a,0.9884311425980992,0.5609165753487011,2.3888123831200088
Crip1,1.3958037046719483,0.6665569130757262,1.9660420670210559
Crip2,1.842385357254385,0.7657998912080922,1.6874012169457995
Csnk2b,1.9529493051727238,0.7884434482271019,1.7275467656240138
Csrp1,2.030841186702022,0.8040129520079108,1.679099738563751
Cst3,1.4703896446463807,0.6841341684444754,1.9509611613013143
Ctsb,1.795293237293642,0.7559494599703529,1.8000713664736891
Ctsd,1.7765118704855283,0.7519849009776737,1.8049519822877282
Ctsl,1.3503811320738741,0.6556215863248961,2.0051441488386916
Ctsw,1.9958532124837447,0.7970569671643638,1.7099309590426266
Cuta,2.048157123096708,0.8074333785145579,1.6639243169735232
Cyb5a,2.0469205039500595,0.8071895890307376,1.659277244304157
Cyba,1.3485913506060911,0.6551869651632802,1.8413181914868588
Cybb,2.135333674635008,0.82443788058136,1.5788240556930335
Cyc1,1.8803879041741127,0.7736575856016914,1.751843342927917
Cycs,1.9991500672645166,0.7977150057353101,1.6720248458321367
D8Ertd738e,1.8568724143810682,0.768804817154171,1.734310047202456
Dad1,1.840848937181333,0.7654805129301085,1.7511167320350205
Dap,2.036373771922178,0.8051073863579968,1.6564311132567142
Dbi,1.3410004597149692,0.6533404194631485,2.113988151541903
Dcn,1.9570226260161512,0.7892652591786262,1.6962334415350766
Dctpp1,1.8746240811459884,0.7724709560281038,1.7676945148498295
Ddost,1.83739540647329,0.7647621347249959,1.7847783117784377
Ddx39,1.9944262408448252,0.796771981011683,1.7052614272521927
Ddx39b,1.8544944581625575,0.7683123843243673,1.7488554759362556
Ddx5,1.4312839280700207,0.6749754249160905,1.9716863486445304
Degs1,2.0558837250715243,0.8089549521046425,1.6603206321275856
Dlk1,1.960735732424617,0.7900136504039479,1.6818321540742258
Dnaja1,1.6423437210034635,0.7230312876406357,1.9012096867096848
Dnajc19,1.9673281353767766,0.7913406313705565,1.7145982189262003
Dpy30,1.8423474804779318,0.7657920192989243,1.7679452282253318
Dusp1,1.802591734544905,0.7574845013984316,1.7651414859044408
Dut,1.4879503612937262,0.6882073162576348,2.0123160377705975
Dynll1,1.0609425412014555,0.5811269220552228,2.285464461357501
Dynlrb1,1.8010380121579512,0.7571579786693646,1.772272336940593
Ech1,2.089190610977483,0.8154814685794441,1.6328031326485153
Edf1,1.7710106660096443,0.7508196877598571,1.8237261166139218
Eef1a1,0.8029650481083798,0.5055607906799541,2.4106884156663164
Eef1b2,1.0217094897340515,0.5702808355452117,2.273542576420452
Eef1d,2.006211211005249,0.7991225577067173,1.6902898567449578
Eef1g,0.8249152730255047,0.5124243228692594,2.7631545564952966
Eef2,1.441647429549842,0.6774146656348419,2.0430808610762576
Egfl7,1.8236040699823812,0.7618866083351178,1.7840343406032528
Eif1,0.4985147234183655,0.3983493000775122,3.052813514940859
Eif1ax,2.063857255523296,0.8105221576892336,1.6592920818458037
Eif2s2,1.1718052788874855,0.6107349711226961,2.1981731518062597
Eif3c,2.0622318240488338,0.8102029234689142,1.6638075239169945
Eif3d,1.9912251999455488,0.7961323173700232,1.640009838360277
Eif3e,1.9038397133431222,0.778467085024428,1.7317893064479224
Eif3f,1.9281526811155127,0.783422019393666,1.7406634872323363
Eif3g,1.7074694918230922,0.7372275222782335,1.8511591336331195
Eif3h,1.750666272786439,0.7464947300794913,1.8114611885118173
Eif3i,1.7154878801327695,0.7389565290832297,1.8161203729294468
Eif3k,1.4466017699193918,0.6785776630101464,1.9594410633050634
Eif3m,1.7616203771595051,0.7488265364907206,1.8099365912281475
Eif4a1,0.989375078986007,0.5611843447434317,2.5137669248412955
Eif4e2,1.9266774146603582,0.7831222564666508,1.7484415864015679
Eif4ebp1,1.9339394716954181,0.7845967455462128,1.7296658702983458
Eif4g2,1.9040988944590511,0.7785200719171872,1.703445479601237
Eif5,1.9170516090479128,0.7811635420860947,1.7384628819238281
Eif5a,0.704029317005193,0.4733914783411029,2.8863613061591047
Elane,1.912232426333719,0.7801810597439802,1.7019453076788622
Elob,0.9402499795547575,0.54707482484244,2.531340504864455
Emb,1.88028353532421,0.7736361147996549,1.7652022978950095
Emcn,1.9921527552125964,0.7963177235076754,1.7078452044548391
Emg1,2.0653754722529905,0.8108202214422395,1.6567729812753633
Emp3,1.7453803839173367,0.7453669105562363,1.813494944025801
Eno1,1.283469319058573,0.6391720995709385,2.1242150018188606
Erh,1.6681226098219404,0.728683688628358,1.87608422363777
Erp29,1.8845817983597937,0.7745198627149271,1.743872898637905
Esam,2.0119431988463767,0.8002633383037373,1.6977485044610041
Etfb,1.7988637190142382,0.7567008032634647,1.793014396241678
Ethe1,1.93609966021083,0.785034816095557,1.718504946090802
Fabp5,1.6498448469768778,0.7246805678794785,1.7519992638563933
Fam162a,1.9402198453051134,0.7858696826641187,1.7257421827216644
Fam96a,1.8376432153064775,0.7648137045781933,1.7991358580093602
Fau,0.9624943528083256,0.5535083268524146,2.290467098278145
Fcer1g,1.3686063749124475,0.6600310139900939,1.8920684853352276
Fcnb,1.879645258137491,0.7735047951911136,1.6916272241082109
Fis1,1.9470718922156394,0.787256141546586,1.7378035747161253
Fkbp10,2.045171665821925,0.8068446939616636,1.6680673570781681
Fkbp1a,1.2657778966931508,0.634751619320782,2.0597809954711024
Fkbp3,1.5385302905853266,0.6998066887980777,1.9710468868754132
Fn1,2.059525905986358,0.8096712028515564,1.6502284385046067
Fos,1.719674406118906,0.739857665017324,1.7452182321422383
Fscn1,1.9903368049266168,0.7959546983614086,1.701292337155515
Fstl1,1.8651943975563496,0.7705256753650754,1.7329274250943385
Fth1,0.2424938568751921,0.277827629983432,4.350154967694654
Ftl1,0.45361124146283216,0.37998545056583694,3.1055883881874937
Fus,1.5751152114556286,0.708078204497779,1.9134943741925874
Fxyd5,2.020792602919571,0.8020213609601522,1.622169951842544
Gabarap,1.6450249440734024,0.7236212425830942,1.8490415057308307
Gadd45gip1,1.9268614250780982,0.7831596522475773,1.7431198421576697
Gapdh,0.48497142295694223,0.39290100336320766,2.853116726618137
Gas5,0.9600850358285202,0.5528151214297026,2.5916112870631878
Gdi2,1.691424947064304,0.7337556012654778,1.8530182136428466
Gimap4,1.9657694821667546,0.7910270919077733,1.7272854593254732
Glrx5,2.011033377133764,0.8000823741260976,1.6997200759962978
Gm10736,1.4012807441929174,0.6678633948612434,2.036968251203035
Gm11361,1.8261713427922828,0.7624227123297886,1.7933295086221928
Gm15427,1.850543102353595,0.7674934294757003,1.7814184277650127
Gm15501,2.0433595462683405,0.8064871633232842,1.681188843710523
Gm2000,1.7533712973252737,0.7470712269185137,1.828554787339472
Gm5483,1.8285430704936796,0.7629176473584827,1.6418314377968988
Gmfg,2.0068394094345647,0.7992476612454128,1.6719233176707795
Gnas,0.6239767422804574,0.44566575571455436,3.110397247333322
Gng11,1.9303949702900582,0.7838774159795588,1.7250201027953587
Gng5,1.3420061298154637,0.6535853566593347,2.0852195984846897
Gpi1,1.8117361582107827,0.759403404203018,1.7544422269986668
Gpsm3,2.1234158363455924,0.8221339630425348,1.5945111250889679
Gpx1,1.052658615175561,0.5788537328090055,2.0996204621519716
Gpx3,1.9281634618744252,0.7834242095397563,1.7253901163626157
Gpx4,1.734336036178967,0.7430049167270522,1.7221942846906864
Gstm1,1.8908654214830576,0.7758100006452209,1.7271523143109393
Gtf2h5,2.0285709987025546,0.8035634410006148,1.6884386617718243
Gyg,2.0114873995827773,0.8001726846258392,1.6860577342435252
Gzma,1.8020495269308832,0.7573705696783598,1.798258106820368
H19,0.7246659992911741,0.48027945173163156,2.443411499496537
H1f0,1.821753833826318,0.761500003611385,1.7725364613778738
H2-D1,1.7478527266752686,0.7458946323000542,1.8249308919958929
H2-K1,1.9478474890645128,0.7874129237874544,1.727523609965365
H2afv,1.6273319274557765,0.7197192790329414,1.8186467419391672
H2afx,1.8968317867023923,0.7770330174034015,1.7486852078123074
H2afz,1.001464277271071,0.5646024974398243,2.2659772005126855
H3f3a,1.6713325559866756,0.729384449842045,1.810583175167221
H3f3b,0.6439405347138232,0.4527390399710261,2.326025824374978
Hba-a1,0.2539835382060467,0.28433338027555466,3.956081576442812
Hba-a2,0.5246138058451899,0.40864380679147416,2.9756374589386643
Hba-x,1.535389762726855,0.6990920830772885,1.925860093622354
Hbb-bs,0.16630643948513207,0.23008038557022598,4.139169756346494
Hbb-bt,0.6011538825231642,0.4374393945735709,2.6241659164669473
Hbb-y,0.014966861327700563,0.06902245957475686,14.51470107163355
Hes1,2.0405322694825196,0.8059290256922956,1.6706240642511845
Higd2a,1.8681732108771514,0.7711407148672107,1.7324727370758475
Hint1,1.0186838155208684,0.5694357991694211,2.3903802148514064
Hist1h1c,1.8483908229810941,0.7670469819289266,1.7740678571130468
Hist1h2bc,1.8688540358365584,0.7712812168342056,1.7758388386502622
Hmgb1,1.7149260977276186,0.7388355236324865,1.8584305524211506
Hmgb2,1.7231076082793046,0.7405958322012143,1.8442044248723433
Hmgn1,1.4178734255808632,0.6718058713048479,1.967066429719765
Hmgn2,1.3273915259597133,0.6500168040516834,1.9655623664414525
Hn1,1.9067853501107561,0.7790690776629979,1.7630474011247708
Hnrnpa2b1,0.9615692109747374,0.5532422490222579,2.5434254688358253
Hnrnpc,1.617036419666456,0.7174389721077842,1.8121944569202049
Hnrnpk,1.574522815943479,0.7079450390650043,1.875663603054569
Hp,1.8645284616125588,0.7703881115401068,1.6846514406326043
Hsbp1,1.8708279896306896,0.7716884374206956,1.7607196872451087
Hsd17b12,2.0152839286762925,0.8009274611130355,1.6979606438119816
Hsp90aa1,1.4642866211480907,0.6827129028501631,2.008879472075594
Hsp90ab1,0.8927253028733185,0.5330696854549094,2.3873677723383984
Hsp90b1,1.8302796510447585,0.7632798355836248,1.7753259898868239
Hspa5,1.5523893164725167,0.7029515393249376,1.9170133537377594
Hspa8,0.5796509703516469,0.4295446826570626,2.3857896253376603
Hspa9,1.8928781775066619,0.7762228012896341,1.727844394970872
Hspd1,1.9168432776662054,0.7811210953149927,1.7139680310477465
Hspe1,1.3556788873137744,0.6569063801810845,2.0917624171623608
Id1,2.0641104222782847,0.8105718682425247,1.6443823751436983
Id2,1.394905057695715,0.6663423070406959,2.015954467158833
Id3,1.4828734103017258,0.687032216463036,1.8201738958583287
Idh2,2.0661650981068873,0.8109752013565668,1.6572466067851783
Idh3g,1.861004407426068,0.7696597307351636,1.7669593123145724
Ier2,1.7243331918957945,0.7408591647913136,1.8487017011328706
Ifitm1,1.6502075519302093,0.7247602210624813,1.9030690927116736
Ifitm2,1.4164148687220937,0.6714602413039498,1.9517204232433973
Ifitm3,1.6522514901062508,0.7252089242161318,1.8442585490298753
Ifngr1,2.0300721588077892,0.803860707968109,1.6927274255199913
Ift20,1.8918061785030142,0.7760029699434703,1.7417895098782592
Igf2,1.8168365130660835,0.7604715798033613,1.7830997272819662
Igfbp2,2.0547935814242617,0.808740447260022,1.6530637245955893
Igfbp4,1.8190062269431917,0.7609255318793645,1.772913716969396
Il2rg,1.9248115232077003,0.782742957092232,1.7431044785416356
Ilk,2.0754959904135797,0.8128043383763773,1.6415415772676591
Itgb2,2.0699764993803687,0.8117228492046324,1.6476614648741812
Itm2a,2.0515222166807527,0.808096407178728,1.666864130677349
Itm2b,1.154125355597609,0.6061101472357164,2.129299312462986
Itm2c,1.978047567442339,0.7934936017755247,1.637578471076016
Junb,2.0802173901290444,0.8137283088903312,1.6440831544021668
Kdelr1,2.038982373523029,0.8056228939441025,1.6677538809767722
Kdelr2,1.9816515449864331,0.7942161404432451,1.7074307754379165
Klrb1b,2.037463481081931,0.8053227730337815,1.6878647553934845
Klrd1,1.9271690481134272,0.7832221653923677,1.7486177798040743
Krtcap2,1.6163383533083824,0.7172840980225944,1.9274553714815037
Lamtor2,2.0912768481101365,0.815888531296239,1.6223309582802425
Laptm4a,1.958042669910515,0.789470923721844,1.6852701471878937
Laptm5,1.8332560434743304,0.7639002045712912,1.7875805725842997
Lcn2,2.0365756284706773,0.80514728870138,1.5442582453626126
Lcp1,1.707433672310727,0.7372197894112714,1.8167069672765086
Ldha,0.77750374836086,0.4974807831949049,2.1717249605266047
Ldhb,2.09975545073991,0.817540774847845,1.6332823815460424
Lgals1,0.6245792372507576,0.445880865166972,2.9988042277313567
Limd2,1.6933643015088786,0.7341761355975727,1.8410667576716353
Lmo4,1.7264656912666205,0.7413171370522184,1.829216705387587
Lsm2,1.8639885149044548,0.7702765555481551,1.7890345860909305
Lsm4,1.6785814235241334,0.7309644737415029,1.8628261300152054
Lsm6,1.7933962768428222,0.7555499750276435,1.8134263712869
Lsm7,2.0414647757774493,0.8061131560928265,1.6775707875539505
Lsm8,1.985381309919882,0.7949632059359873,1.704493930839565
Lsp1,1.8829550253462326,0.7741855073605783,1.7501230503549954
Lst1,1.9449774759215326,0.7868326117991167,1.7064983794572248
Lta4h,1.978491997732167,0.7935827383541472,1.70021278268155
Ltb,1.9001423570340186,0.7777108057629766,1.7423133335282923
Ltf,2.086892416542489,0.8150328138102513,1.583804295038309
Ly6c2,1.9074891645611103,0.7792128456771364,1.6981747789260706
Ly6e,1.5083792847490485,0.6929156070189624,1.7795448957161095
Lyz2,1.6820790556712626,0.7317256266954559,1.6518187628713616
Maged1,2.072195095714579,0.8121577341055842,1.627574684745364
Maged2,1.8363876331240705,0.7645523778584719,1.6935306897235713
Manf,1.9904541956563322,0.7959781708523267,1.6933522096976927
Map1lc3b,1.900307882416917,0.7777446790343789,1.7303264539663175
Marcksl1,1.6747084778929733,0.7301207194629815,1.7695957855647206
Mat2a,2.042114825019887,0.8062414883434813,1.6805041659561533
Mcm6,2.0026272105608998,0.7984084415023442,1.6823381403295194
Mcm7,1.9618217719001894,0.790232411969056,1.729615461756462
Mdh1,1.6069859886426823,0.7152059333812875,1.904967583738048
Mdh2,1.83325215988208,0.7638993954430474,1.770604224721544
Mdk,1.6250302370103733,0.7192101151874815,1.8523720741202352
Med28,1.9517509740982932,0.7882015163803799,1.7388927866637245
Meg3,1.9918606181882135,0.7962593338036704,1.6236732220415497
Mest,1.9100104336228416,0.7797276471540171,1.6639483120858338
Mettl9,2.066271363338739,0.8109960557790525,1.6451056051885944
Mfap2,1.8288722950361618,0.7629863249611022,1.7580068104436481
Mgp,1.9525418344405592,0.7883611920242296,1.6749487836293944
Mgst1,2.0166575543196354,0.8012003723084288,1.638459177979018
Mif,0.7356179393840522,0.48389509458155516,2.7891608479839225
Minos1,1.1371829505127773,0.601644891566337,2.0938558332251516
Mlf2,2.0067606269582017,0.7992319730623754,1.6850159671380611
Morf4l2,1.9092417674294766,0.7795707342427728,1.7289626152898716
Mpo,1.912232426333719,0.7801810597439802,1.7019453076788622
Mrpl17,1.989349420636238,0.7957572416651394,1.699388373629802
Mrpl18,1.773822563640213,0.7514155031289652,1.8286099771346045
Mrpl33,1.8081702575824299,0.7586556985167769,1.746900072856748
Mrpl42,1.9311788039089826,0.7840365458783265,1.7328378332384011
Mrpl52,2.0472656572255254,0.8072576406200442,1.6455636870899182
Mrpl54,1.862646595822047,0.7699992376078958,1.7689443761075687
Mrps14,1.9214530119213633,0.7820597736312686,1.7499792175876512
Mrps15,1.976459485247724,0.7931750083027557,1.7149862054623328
Ms4a3,1.912267016386928,0.7801881159945593,1.7019722785263287
Msrb1,1.926184603026961,0.7830220953194629,1.6757477233043836
Mtdh,1.8420586339102023,0.7657319858173781,1.705723107435365
Myh7,1.739703838297722,0.7441538354144602,1.738513460533396
Myl12a,0.9598418338939335,0.5527450993914093,2.465705857135588
Myl12b,1.8903244221204658,0.7756990084147364,1.7383633344640832
Myl2,1.751892672801891,0.7467561565101333,1.7919367285674332
Myl3,1.921175296204931,0.7820032543884341,1.6962358834191242
Myl6,1.2519226480197843,0.6312680536840807,2.095036401829412
Myl7,2.0596667213362823,0.8096988820821561,1.6479545646441967
Myl9,2.067912758920669,0.8113181095785098,1.6368118573046322
Naa10,1.9509353288340838,0.788036802740274,1.7376370543961128
Naa38,1.9089875134967067,0.7795188247549987,1.678762175676761
Naca,0.9528500424007686,0.55072823474633,2.22185070764708
Ncl,1.4282849286137556,0.6742679089687333,1.9321114457530233
Ndufa1,1.9209471424968587,0.7819568186883807,1.7215331113566723
Ndufa11,1.6795368584000483,0.7311724736604907,1.8488941358653037
Ndufa12,1.7493307564357754,0.7462099396140982,1.8216873517785257
Ndufa13,1.423043397588041,0.6730295550128865,2.0199245356241584
Ndufa2,1.4074160275964716,0.6693238644762904,2.0453578749740946
Ndufa3,1.2803487043317046,0.6383945882848544,2.003736106051383
Ndufa4,1.0446740716914256,0.5766542160248677,2.3848750658384503
Ndufa5,1.7964292106210469,0.756188585982374,1.8083804831326151
Ndufa6,1.791129537292003,0.7550723403461704,1.773654819851763
Ndufa7,1.725512324021012,0.7411124283587858,1.8353887864179694
Ndufa8,2.037495230095001,0.8053290475275036,1.6735471275600993
Ndufb10,2.0136334338977484,0.8005994186607107,1.6827738690864147
Ndufb11,1.9270091750841305,0.7831896776618994,1.686816019404646
Ndufb2,2.0170700306293616,0.8012823047305906,1.689893594299253
Ndufb3,1.9391099995397472,0.7856448836792277,1.6922753430841697
Ndufb5,1.7654982242141226,0.7496502776677149,1.8186433247656546
Ndufb6,1.8064686058923407,0.7582986326877967,1.7263904396459377
Ndufb7,1.666808566371117,0.7283966261946562,1.8528070836475623
Ndufb8,1.5963433080790759,0.7128336809557377,1.8445419801253031
Ndufb9,1.3758728304609305,0.6617808731501604,1.922343026662397
Ndufc1,1.738138787379351,0.7438190368512715,1.8160859296270602
Ndufc2,1.7024725639479474,0.7361479797305006,1.8177873474079995
Ndufs2,1.8692902578435722,0.7713712265949879,1.7634172629427267
Ndufs3,1.9494463237554744,0.7877360201463522,1.708366729905547
Ndufs6,2.026376363926798,0.8031286508194454,1.66116466137885
Ndufs7,1.8627691156826325,0.7700245614262048,1.7657443268757966
Ndufs8,1.874047055174575,0.7723520601614831,1.7642776852181794
Ndufv1,2.06090446867807,0.8099421379707208,1.6521425947393602
Ndufv2,1.8142947997036907,0.7599394523233578,1.7976756905666893
Ndufv3,1.8196632927159602,0.7610629511395487,1.7577139714850458
Nedd8,1.1595934980945404,0.6075442983009032,2.2862034397654774
Nfkbia,1.9644081864149436,0.7907531512654549,1.7214896927860723
Ngp,2.0601471195255487,0.809793303959746,1.5655547468225994
Nhp2,1.7900057105729303,0.7548354217978941,1.7899390916857107
Nkg7,1.5178104340364815,0.6950784606839161,1.948110074613876
Nme1,1.3709981348451263,0.6606074933428635,2.0408569412819237
Nol7,1.697567895138996,0.7350868271782258,1.8582894195048125
Nono,1.8500848594484538,0.767398397862148,1.786059559339374
Nop10,1.5892098973822344,0.7112392154246647,1.9482934249108461
Nop58,1.9678780565369918,0.7914512241445262,1.7066760759389779
Npc2,1.7148839786568653,0.7388264505719004,1.8279018044565376
Npm1,0.7854543413173058,0.5000178816675219,2.535964498114392
Nrep,2.0680691275708347,0.8113487835803316,1.642121680795118
Nudc,2.0351148147921574,0.8048584751789832,1.6724962509580699
Oaz1,0.7159132036938726,0.4773701398131952,2.653577190728079
Ociad1,2.0127019325821016,0.8004142196900954,1.6718976997912494
Ostc,1.9696950124334567,0.7918165161351925,1.7161034738119747
P4hb,1.7764499394314193,0.7519717933750021,1.7600900031062456
Pa2g4,1.7318218062964787,0.7424661622275045,1.8566435880240977
Pabpc1,1.322803586273102,0.6488924864645154,2.0862824747542073
Paics,1.9943206348955287,0.7967508859785353,1.6873931638743036
Park7,1.6985410314576654,0.7352974924490004,1.8430251878831299
Pcbp1,1.930217963544314,0.7838414765025509,1.715261795508751
Pcbp2,1.8957860990663025,0.7768188060433446,1.7523701732136254
Pclaf,1.5561428415972276,0.7038008601831445,1.9321470529750715
Pcna,1.9658864917922465,0.7910506339373238,1.7241833070643957
Pdap1,1.997964555887913,0.7974784450904799,1.7045450624800165
Pdcd5,1.950742082005228,0.78799777290105,1.6882490773176329
Pdcd6,1.9507958035708022,0.7880086231777153,1.716391507129639
Pdia3,1.6038151951901027,0.7144999875722852,1.9088773553260077
Pdia6,1.4077935865444535,0.6694136361796311,1.9509523854688586
Pebp1,1.6879118540387812,0.732993199250413,1.8611178423286578
Pfdn5,1.9329876522372853,0.7844036458216669,1.7386386992762661
Pfdn6,1.9696249549605456,0.7918024344735529,1.712439463218871
Pfn1,0.8898008923684868,0.5321958481386795,2.2769535319825795
Pgls,1.871820359346529,0.7718930790855012,1.7707872793646815
Pglyrp1,1.9882317489647114,0.7955336710158512,1.6227613490922002
Phb2,1.6695664831070671,0.728998982999347,1.892276182446405
Phf5a,1.9774067465244065,0.7933650587373027,1.7077924223943495
Pkm,0.7573487425043031,0.49099041948696076,2.6436650985238153
Pla2g7,2.0955764430589934,0.8167268203503183,1.6286340007150666
Plac8,1.7434242943108433,0.7449491181900547,1.7902019263389766
Plvap,2.0136535175816577,0.8006034111812209,1.6907727859674195
Polr2j,1.8763275668817117,0.7728218515658227,1.7662706267314683
Polr2m,2.0403973054973146,0.8059023725505239,1.6710289999928436
Pomp,1.5890422807642728,0.7112017066425719,1.8819349010876385
Ppa1,2.0586212904580834,0.8094933654213856,1.6619364022234393
Ppia,0.49542190320342844,0.3971116840658812,3.01602010746858
Ppic,2.035785589839769,0.8049911051660745,1.6561823750161013
Ppp1ca,1.46748397886071,0.6834578686998115,1.9496758500647533
Prdx1,1.217448017877411,0.6225156544258467,2.2033827051411916
Prdx2,1.2759454912959998,0.6372958999641772,2.103535570386384
Prdx4,2.0147858453603806,0.8008284792147288,1.659333440236829
Prdx5,1.8524446563803973,0.7678876530679573,1.6583918768469201
Prdx6,1.91350115434553,0.7804398341014366,1.734462575228711
Prelid1,1.934416150832695,0.7846934336437649,1.7093020919037338
Prkar1a,1.971030676760103,0.7920849388697326,1.7048426641257424
Prmt1,1.9713256265851542,0.7921442014112773,1.7112473234468049
Prtn3,1.8955591684332986,0.7767723110143953,1.6972862564346225
Psma1,1.6606626930216208,0.7270525103494103,1.901917539631603
Psma2,1.5102508275284272,0.6933453461440044,1.9492025780557634
Psma3,1.8502575805702715,0.7674342186024931,1.7476740482692532
Psma4,1.8377775742002282,0.7648416636630079,1.7986126907401168
Psma5,1.6603294054409479,0.7269795485937063,1.883297222667696
Psma6,1.8132655870898016,0.759723872632379,1.728691046804712
Psma7,0.998006180989562,0.5636268569554747,2.3172084817203453
Psmb1,1.0979717014346497,0.5911812305179236,2.390283296341206
Psmb2,1.8852737080475042,0.7746620291674906,1.7126855059931854
Psmb3,1.6882850121744517,0.7330742186648289,1.8669215691290575
Psmb4,2.0673313856448665,0.8112040545194505,1.6437237029882092
Psmb5,1.9051509079746056,0.7787351081595989,1.7430700998085853
Psmb6,1.3283830696785848,0.6502595356608504,2.1713790346796373
Psmb8,1.8992136848786023,0.7775207340466269,1.7626670152122155
Psmc1,2.0290628405404387,0.8036608500058878,1.6714214027944465
Psmc3,2.015567983243773,0.8009839045461636,1.6875548026491407
Psmc5,1.9999053822470843,0.7978656870685816,1.6944242847269138
Psmd11,2.006982841969201,0.7992762225914375,1.6955836865576113
Psmd13,2.042369533405278,0.8062917671187495,1.6658492955093624
Psmd14,1.993141503100539,0.7965153137260588,1.7064182123649245
Psmd4,2.0290694019962388,0.8036621494187933,1.6465859430642655
Psmd7,1.9387743209059223,0.7855768793845833,1.7145150958848396
Psmd8,1.8611689875743582,0.7696937628716987,1.7800053176269728
Psme1,1.6837520055780948,0.7320894134306907,1.8755959525080212
Psme2,2.0376967261244228,0.8053688676437325,1.6877610514895611
Pth,2.065959092379514,0.8109347714555657,1.6431367357645672
Ptma,0.6159191945089818,0.4427789162805361,2.304417719795227
Ptms,1.7411491881506318,0.7444628935744394,1.8128511520839043
Ptov1,2.0711451767695643,0.8119519600860798,1.6419291405853995
Ptpn18,1.9612679447315418,0.7901208618074922,1.7104869586790754
Ptprcap,1.796010584589953,0.7561004726659754,1.806020216840825
Rab11a,1.8442921915083368,0.7661960829765919,1.7842414994559728
Rab5c,2.0459290721130206,0.8069940830541473,1.6720448033710291
Rac2,1.4086185895927068,0.669609754207349,1.8699398046168088
Rack1,1.0959374486052091,0.5906333249403373,2.3624699905083792
Ramp2,1.8424800443002316,0.7658195696096518,1.757696742327716
Ran,1.1225416229963248,0.5977592293327874,2.280865641137127
Ranbp1,1.5455101839671652,0.701392308736329,1.9778040870924989
Rbbp4,1.8785166749963689,0.7732725451045362,1.7480338602600585
Rbbp7,1.965032546981138,0.7908788063774438,1.719150813284103
Rbm39,1.7441752336606653,0.7451095356463457,1.8370674679173677
Rbm8a,1.9821340854161091,0.7943128320314445,1.698222872100974
Rbp1,1.8357982581416872,0.7644296793070515,1.737085464920339
Rbx1,1.5891030653782297,0.7112153090835835,1.9402150464240757
Rcn1,2.094038107012347,0.8164269909230222,1.631539206704743
Rcn3,1.9613775399913114,0.7901429373968217,1.680099026522893
Reep5,1.9643886379556612,0.7907492167358741,1.7093334327831078
Retnlg,2.120958675199257,0.8216581494168964,1.569920143346641
Rfc4,2.0448812638219964,0.8067874083961312,1.678415127095713
Rgs1,1.8716721868229969,0.7718625271128239,1.768582783466151
Rgs19,1.8485317892101112,0.7670762305211845,1.765757625452009
Rgs2,1.6994659677002146,0.735497667400707,1.830703510577531
Rheb,2.0416113603176838,0.8061420964905976,1.6713382859755
Rhoa,1.6897685210099949,0.733396226878516,1.7595914454912163
Rhoc,2.043358353631416,0.8064869279641883,1.6699658051854276
Rhog,1.9810764957680775,0.7941008965423221,1.7063847463297706
Rnase4,2.0444724772252494,0.8067067630381326,1.661261940218991
Rnf7,1.883832482231742,0.7743658715416852,1.7015842570502546
Rnh1,2.0387908025751473,0.8055850472298095,1.6833312046800295
Romo1,1.7532302846344263,0.7470411851805489,1.8409381534021692
Rpl10,0.23474292341415734,0.27335140979042105,4.6232093480595235
Rpl10a,0.9332131981053875,0.5450238406474869,2.334652235784599
Rpl11,0.4221762403688518,0.36658269329212734,2.9089412300861888
Rpl12,0.9779812504567219,0.5579436356145309,2.3564641963541355
Rpl13,0.2620838236855196,0.28883190974674244,2.0398537358249413
Rpl13a,1.6903236058291564,0.7335166764193254,1.8624651521593818
Rpl14,0.05970885347569594,0.1378619539757558,8.09123975914979
Rpl15,1.1100568830535806,0.5944258407087621,2.279408839959936
Rpl17,0.8308111305300283,0.5142522692212838,2.264294980006249
Rpl18,0.2798758733280459,0.2984748856849422,4.3388359369915825
Rpl18a,0.022012130087158757,0.08370590554259776,11.875884932216358
Rpl19,0.6458764540426498,0.45341907830957684,2.824418441274119
Rpl21,0.40375966859322865,0.35849783005691355,3.3283796311833034
Rpl22,0.749579878952948,0.48846564460069497,2.775401864922598
Rpl22l1,1.4947024839149674,0.6897670458449016,1.97519133847096
Rpl23,0.2210681371280801,0.2652700012592864,4.604657166165766
Rpl23a,0.32887771507272734,0.3235506576305865,4.0403480410629395
Rpl24,1.7843517735951662,0.7536423621087938,1.8022781508000332
Rpl26,0.30509519949553754,0.31163250508675355,4.222437917529318
Rpl27,0.6857292796909276,0.4671984685027466,2.8843696853635095
Rpl27a,0.644544229379089,0.4529512118253763,2.9603543917480883
Rpl28,0.7978486689154701,0.503947535954262,2.727984414051856
Rpl29,1.0631884339985151,0.5817416861614698,2.267249671856483
Rpl3,0.3106254063490376,0.31444417269327146,4.13798881478814
Rpl30,0.8433429380133719,0.5181161979835605,2.399959881465073
Rpl31,0.2752397718820528,0.29599246689912356,4.349557844635596
Rpl32,0.045100403584547644,0.11981612717760655,9.003983903228518
Rpl34,0.44653495645425534,0.3770099351025619,3.595779764388033
Rpl35,0.6630166143514917,0.45939606338342254,2.9929788238789468
Rpl35a,0.9245883290331767,0.5424994062498242,2.262428618958887
Rpl36,0.4545764701931291,0.38038951679693306,2.9832743000268884
Rpl36a,0.7849806519329141,0.49986708430666216,2.7306764123034015
Rpl36al,0.9124044360479472,0.5389131211911692,2.5709003894301548
Rpl37,0.4420630792266361,0.3751173795423062,2.9062748502553424
Rpl37a,0.6227490969484917,0.445227126499198,2.4447580638361504
Rpl38,0.93333868069719,0.5450604821702376,2.2961487893091515
Rpl39,0.5106873117317853,0.40318335788180865,2.9997553757716284
Rpl4,0.3600814398788205,0.3385520375728417,3.2705581778450425
Rpl41,0.12507789990846743,0.1995332856542282,3.774728956758412
Rpl5,0.6126694575015039,0.4416092676627026,3.0663347847587703
Rpl6,0.4335626691307881,0.3714933160429157,3.340019013071736
Rpl7,0.41671725068148135,0.3642049157208679,3.7235547680864434
Rpl7a,1.6461603915306582,0.7238709324654417,1.841993760667838
Rpl8,0.42890121908966405,0.36949086353050736,3.2060706655845186
Rpl9,0.9604032996334624,0.5529067416815103,2.2554646953073396
Rplp0,0.17209277104224643,0.23404877774410746,5.872820466304919
Rplp1,0.38856774020883833,0.3516887162826924,2.9698093283130294
Rplp2,0.42783935341344204,0.3690331907701248,3.7683965664075436
Rpn1,1.9338142991675158,0.7845713539689038,1.7391440476570879
Rpn2,1.8004756829602997,0.7570397675946593,1.79530518000629
Rps10,1.0152841296041015,0.5684848069548478,2.379733250756869
Rps11,0.11046839584950177,0.18751848578143127,7.137791927679449
Rps12,0.5282796903896886,0.41006907725546676,3.0742974526915625
Rps13,0.5448273295889986,0.41644198307962754,2.1867495467869262
Rps14,0.2908092534675807,0.30424901047079633,2.5005522126695463
Rps15,0.5401951301299149,0.4146678796201741,3.167308052663636
Rps15a,0.13324123334628188,0.20594174375643926,6.648660598499538
Rps16,0.2567549115067432,0.28588044119673645,4.776129002308774
Rps16-ps2,2.0573194820515845,0.8092373756664575,1.6623963941328272
Rps17,0.38794915876147007,0.35140866888917366,3.815750510996937
Rps18,0.7064532750595806,0.4742057165180332,2.416486429055084
Rps19,0.19905949730201736,0.25171929987588904,4.628597021348238
Rps2,0.35626836441385257,0.33675472161123243,2.637497211631556
Rps20,0.24782078998883522,0.28086261313197813,5.263018791364533
Rps21,0.3774161538438082,0.346605385090807,3.633264391108421
Rps23,0.3769322744323523,0.34638312512817276,3.398452341052546
Rps24,0.17728294272985476,0.23755191711006576,5.910803925270701
Rps25,0.2565449787363909,0.2857635438305656,4.611999457465834
Rps26,0.290359286770204,0.3040135383897077,2.699710118343493
Rps27,0.07341761917286219,0.15287103716138858,8.80193476272457
Rps27a,0.35331223636168824,0.3353547043708043,3.0795412650349006
Rps27l,1.2776691516147727,0.6377262125952161,2.1344972930331183
Rps28,0.4394775504629841,0.3740187817051486,3.4961755866712996
Rps29,0.14884935898733323,0.21766998533970697,4.604025325448502
Rps3,0.22638962655626765,0.26844376741194126,4.711230177740452
Rps3a1,0.6192954957767633,0.4439908543819746,2.2887249292696734
Rps4x,0.9368484565150503,0.5460843575536345,2.3367230597222854
Rps5,0.3102854308704166,0.314272048048901,4.359933765806107
Rps6,1.072329846362988,0.5842372731581618,2.3186602584538516
Rps7,0.27765008439923755,0.297285665251524,4.368792284595156
Rps8,0.49952341750899315,0.39875210616801227,3.1923494724877273
Rps9,0.1410085371164112,0.21185941423611004,4.719527747329452
Rpsa,0.25031810809537464,0.2822742079921234,4.041509331626578
Rsl1d1,2.017352978766149,0.8013385034201114,1.6890310373946618
Rtn3,2.0767248301051104,0.8130449214562562,1.6388981764994517
S100a10,1.5482970625984653,0.7020244025490957,1.9528498749771896
S100a11,0.7592690181367452,0.4916124843268179,2.4593878210271054
S100a16,1.9795045790642622,0.7937857880198145,1.6331339009499295
S100a4,2.0382820010281755,0.8054845198746824,1.6848715534345227
S100a6,2.0391972428322,0.8056653413621672,1.636866373296858
S100a8,1.7143900457173253,0.7387200419150041,1.6592275326681696
S100a9,1.8184376213121771,0.76080659321026,1.6287584524430476
Sae1,2.030862956603559,0.8040172613640553,1.6792416092201303
Sar1a,1.9815425585465654,0.7941943000798323,1.6952261206755446
Sarnp,2.0021199135630905,0.79830731038402,1.70624616536667
Sat1,1.9123420306267755,0.7802034184193812,1.7011938670005327
Sdcbp,2.0762918752829322,0.8129601653867424,1.653219829071142
Sdf4,1.9444522035200493,0.7867263562334034,1.71584865566849
Sdhb,1.9066490299879901,0.7790412285161242,1.7179451641677728
Sdhc,1.9354231981693628,0.7848976607983732,1.6947435817064591
Sec11c,1.9728203841162042,0.7924444661483171,1.7128199565159938
Sec13,1.9476636182715563,0.7873757582351193,1.7153616922910118
Sec61b,1.2259154659839853,0.6246767263539686,2.1701310114327166
Sec62,1.9056784683753163,0.7788429215005087,1.7510139028029512
Selenof,1.6923464494875913,0.7339554521358482,1.8406397401517223
Selenoh,1.4212913961823577,0.6726151221559081,1.9883617729509278
Selenok,2.038088181338241,0.8054462223105304,1.6612078904031553
Selenow,1.8650657923299436,0.770499111019491,1.7434347668654209
Sem1,1.3735929545330625,0.6612323472277168,1.9568533534489017
Sept7,1.799613624899423,0.7568585126141704,1.8189528406221245
Serbp1,1.0286090561143613,0.5722031383865164,2.3023696563004994
Serf2,1.3768129542586465,0.6620069295456342,2.023437394749976
Serp1,1.862348483867016,0.769937616910789,1.7581673215121534
Serpinb1a,1.8955567086875358,0.7767718070303855,1.6969942034206225
Serpinh1,1.7415816692125228,0.744555345764715,1.756665837952968
Sf3b5,1.989443075927284,0.7957759729142017,1.7006925154059744
Sfr1,1.9837663730429766,0.794639823076179,1.7026966602894884
Sh3bgrl3,1.0976885803397547,0.5911050051160065,1.925343691827912
Shisa5,1.9508780771457923,0.7880252398843133,1.714017566739096
Sin3b,2.018188485764591,0.8015044274370315,1.6933393686317841
Skp1a,1.8996934813126027,0.7776189399832695,1.7067775847795499
Slc25a3,1.27376057546286,0.6367500167263309,2.1392675282585842
Slc25a4,1.5650321589746221,0.7058081951898718,1.8232828363141402
Slc25a5,0.755480641646799,0.49038449920103483,2.385160374904307
Slc35b1,2.0190196835390988,0.8016694616050704,1.6955211626584805
Slc3a2,1.9053640736983248,0.7787786729473256,1.7596083220722207
Slirp,1.9579733709215266,0.7894569531322934,1.7078063995622959
Slpi,1.9122271890801947,0.7801799913569092,1.7016605583451996
Smarce1,2.0415341466745405,0.8061268522188647,1.6607273158510867
Smc4,1.9920042654146441,0.7962880452460409,1.6916941203129572
Smdt1,1.5532330670310415,0.7031425465604759,1.9437869109024553
Snhg3,1.884464177956668,0.7744956926948127,1.7736368675768104
Snhg5,2.0447961975298137,0.8067706271950925,1.6804438914634188
Snrpa1,1.8749337548968663,0.7725347565795139,1.750884457947366
Snrpb,1.5352246323307601,0.6990544885656312,1.9586230333272028
Snrpb2,2.0293689976170723,0.8037214782848618,1.6877323525881782
Snrpc,1.7690163880359702,0.7503968317716901,1.799155081075432
Snrpd1,1.8187303354420352,0.7608678243121874,1.8016800925374263
Snrpd2,1.8415065251333733,0.7656172231748134,1.7711846197603256
Snrpd3,1.4086819874038776,0.6696248226280775,2.0309602513520106
Snrpe,1.3999753962715373,0.667552251922874,2.023915476955513
Snrpf,1.2906795273818203,0.6409649393380702,2.1944498783371027
Snrpg,1.1034369128339478,0.5926507218718013,2.161267370604715
Snu13,1.9560532037746883,0.7890697514560802,1.710805200458984
Snx3,1.785439873844899,0.7538721131807247,1.7033059533319226
Snx5,1.9909457401399597,0.7960764485538141,1.7081170290486811
Sod1,2.021125758071542,0.8020874703016375,1.692243685219278
Son,1.5250773239990991,0.6967404031801466,1.9556673443828392
Sparc,1.1551175551701556,0.6063706271869629,2.09718133631938
Spc24,1.9167088459865749,0.7810937041184314,1.7521620314842243
Spcs1,1.8558110992539611,0.7685850764763416,1.7414939447734963
Spcs2,1.948463820620443,0.7875374892504656,1.7411431624609321
Spi1,1.9342777822848,0.7846653686297808,1.7140704976533754
Sqstm1,1.9807459791669255,0.7940346511252674,1.7114106142909735
Srgn,1.4565610825460205,0.6809095332017042,1.871577543796213
Sri,1.9577333930956833,0.7894085719920283,1.7139103367247792
Srm,1.9883766722678349,0.7955626639304278,1.703715980639768
Srp19,1.966340355550658,0.7911419435056672,1.6892039149687998
Srsf2,1.6103750263242582,0.7159596995239981,1.914807543269321
Srsf3,1.1561738929689096,0.6066478222820912,2.2065327416284073
Srsf5,1.8500669984887868,0.7673946935712762,1.7816621809525817
Srsf7,1.4414167987431932,0.6773604779962806,2.028572551184219
Ssb,2.0136501745758784,0.8006027466123372,1.6977073134192862
Ssna1,2.059482036606088,0.8096625795167054,1.6334081283599668
Ssr2,1.475852120776749,0.6854037646442811,1.9876669776714073
Ssr4,1.9945121397004513,0.7967891390953064,1.6798892536614527
Ssrp1,2.0056859642123497,0.7990179415938415,1.7056029730967188
Ssu72,1.9598921284193977,0.7898436809455944,1.7205917223699159
Stfa1,1.7574736335885555,0.7479446719367591,1.6351926658769786
Stfa2,2.0480652200786893,0.8074152631082891,1.5548082860839196
Stfa2l1,2.026255331511487,0.8031046656275386,1.532278902612694
Stfa3,2.0478416137380036,0.8073711853858633,1.5553993480843487
Stmn1,1.2438071910056034,0.6292186626313415,2.1846060498845614
Stub1,1.9677550252873186,0.791426483090368,1.7193082848307946
Sub1,0.6900287431445139,0.4686608269248395,2.863021300097984
Suclg1,1.785989559588057,0.753988152054071,1.7950178442796179
Sumo3,1.9001467647893968,0.7777117077893395,1.7359139706563134
Surf4,1.89077061212482,0.7757905505644598,1.729893815252666
Swi5,1.2715956963231232,0.6362086775330963,2.061723204418299
Syngr2,1.952327551582436,0.7883179312546962,1.7165114008951625
Tagln2,1.2894355744048325,0.6406559848546901,2.086619219874111
Taldo1,1.6323508745520274,0.7208282882147918,1.8098754991872115
Tbca,1.928770536553194,0.7835475288486947,1.725387482817571
Tbcb,2.027107811136461,0.8032735876680622,1.672574791767073
Tceal9,1.4272974130755736,0.6740347744044848,1.9231066744124365
Tcp1,1.8164572016135117,0.7603921916375285,1.807092344965843
Tecr,1.4766747304198118,0.685594753021353,1.9750656915459328
Thoc3,2.0410448662160996,0.8060302469890674,1.6727871092688762
Thoc7,1.9023532067660887,0.7781631144734906,1.758706808682747
Timm13,1.668833387162019,0.7288389160351223,1.892019701054896
Timm8b,1.8512342203615515,0.76763673308592,1.7748225291211899
Tkt,1.985890133193142,0.7950650679474114,1.6761635555014098
Tm4sf1,1.9340619653194833,0.7846215929052955,1.727590043790606
Tma7,1.6389564456360857,0.7222852896678795,1.8746424956363847
Tmbim6,1.8149661075114902,0.7600800320422975,1.7705858703181117
Tmco1,2.055280734966971,0.8088363102773479,1.6616700735296597
Tmed10,1.9205430373944399,0.7818745651599723,1.699201013590448
Tmed3,1.8847513252725518,0.7745546977665648,1.7122665317301122
Tmed9,1.7656280091186372,0.7496778312218298,1.8182514721675385
Tmem167,1.897508056657728,0.7771715213178795,1.7327412502842765
Tmem176b,1.8819010985628504,0.7739688136434771,1.6775023954362358
Tmem234,1.765764287566631,0.7497067622762493,1.8314652740975164
Tmem256,1.720145224945828,0.7399589385716598,1.814397495016612
Tmem258,1.699982072310218,0.7356093392226272,1.875685206628659
Tmem50a,1.824060486526339,0.7619819458875314,1.766710755579131
Tmem59,2.0302190054070275,0.803889781337765,1.6485437388116502
Tmsb10,0.44556513379066254,0.3766003014130117,3.3283780113333328
Tmsb4x,0.14009771403260113,0.2111740689770563,3.2159583635155267
Tnnc1,1.9100319800134424,0.7797320451061884,1.7050623468859039
Tnni1,2.046846787930226,0.8071750541869637,1.6632306667944896
Tnnt2,1.8028142364882274,0.7575312498023334,1.7741318096377012
Tomm22,1.864304340680003,0.7703418088704512,1.768123781500211
Tomm7,1.9096564671723746,0.7796553935655024,1.733191764456478
Tonsl,1.7776118232695495,0.7522176660674029,1.829888526783114
Tpd52l2,1.9770960810793645,0.7933027344858904,1.7158130986106916
Tpi1,1.5986062316156184,0.7133387467664055,1.9014424506318803
Tpm1,1.4920772964445685,0.689161051140217,1.9453121791405157
Tpm3,1.7800015412438168,0.7527231150963091,1.8287412130525622
Tpm4,1.8485821758015413,0.7670866847891264,1.7906085819950555
Tpt1,0.7886067437934859,0.5010202818855484,2.734371787250837
Tra2b,2.0045111234845026,0.7987838929087732,1.691978869497599
Trappc1,2.0434154407345897,0.8064981936535429,1.6652210583272216
Trbc1,1.784144596991023,0.753598609077563,1.8199070719118946
Trbc2,1.6278190582587921,0.7198269925212317,1.8369248875186834
Trmt112,1.8904878431458505,0.7757325377883769,1.7561102997449751
Tsc22d1,1.8966943279210884,0.777004862047853,1.7188044490079055
Tspan3,1.8171332689994908,0.7605336836958685,1.6866450386808258
Tspo,1.8105723194290806,0.7591594489466574,1.775344856933473
Tuba1a,1.9055891579346524,0.7788246708825066,1.706585200799991
Tuba1b,1.0959811722533561,0.5906451068108015,2.336250113475869
Tuba1c,1.6356030359153628,0.7215459903596455,1.8543609256621416
Tuba4a,1.771101298661907,0.7508388993632625,1.7516850975046372
Tubb4b,1.5700953029372515,0.7069489777739699,1.9387906201134315
Tubb5,1.1353364761798812,0.6011562396857608,2.2584854329680937
Txn1,1.2849310139993684,0.6395359605371396,2.0681807424668324
Txn2,2.0238938876337595,0.8026365510122073,1.6889005613869008
Txnl1,1.8852350352805924,0.7746540837753713,1.7678412838873663
Tyrobp,1.288439289462494,0.6404084349721908,1.746863833494586
U2af1,2.0339691904903257,0.8046319043676509,1.6740509475327554
Uba1,1.9904886685528385,0.7959850636395002,1.6827230329027636
Uba52,1.8109787200653706,0.759244644541715,1.7817109226094705
Ubb,0.4663395220159677,0.38527974275311444,1.5202700956858435
Ubc,1.607681333257828,0.7153606518456994,1.8462958816611783
Ube2b,2.0544214445745537,0.8086672097940321,1.6483698082516633
Ube2c,1.7488304274996094,0.7461032196232306,1.834012158176458
Ube2d3,1.5196820588926374,0.6955068822101361,1.8585905789376835
Ube2e1,2.0084685825720126,0.7995720142189925,1.6798564148805903
Ube2k,2.0240476315132927,0.8026670363342245,1.6860838094287236
Ube2l3,1.9526140274614723,0.7883757662702059,1.734063648226641
Ubl5,1.5576045902885243,0.7041313370771748,1.9122350694937722
Ubxn1,1.9682417904405842,0.7915243649423073,1.7227355035121836
Uchl5,2.0002857939503196,0.7979415664115885,1.709375410863155
Ucp2,1.703689280925167,0.736410986544765,1.839199597813308
Upk3b,2.0427449475596173,0.8063658671845029,1.6470032909172723
Uqcr10,1.5400894541026093,0.7001611949031865,1.9430179287236682
Uqcr11,1.490145677677977,0.688714818381995,1.989844321118816
Uqcrb,1.3944623541242027,0.666236559510851,2.051060363778811
Uqcrc1,1.7567958404392392,0.7478004306085757,1.8180385998653903
Uqcrfs1,1.938748952024869,0.7855717397271745,1.7361076068126582
Uqcrh,1.3688538846817453,0.6600906939468895,2.071960788552732
Uqcrq,1.4212768901792212,0.6726116897204507,2.0694410040679445
Usmg5,1.0854519811017118,0.5878010688680788,2.3473735177691637
Vamp8,1.9619281996505964,0.7902538465148718,1.717852408831599
Vasp,1.9361302709972648,0.7850410219842853,1.7057841802749585
Vcp,1.8909661955745527,0.775830673852698,1.7455990214217836
Vdac2,1.7439547517340046,0.7450624393526573,1.8436638885038819
Vdac3,1.8870663889284842,0.7750302493974559,1.7662355627809654
Vim,1.184546872678276,0.6140463990787562,2.1841247600581672
Vps29,2.0465167711963086,0.807109980431859,1.6659091906714547
Wdr83os,1.8719394446705173,0.7719176326370715,1.785838048490657
Wfdc21,2.048043667564066,0.8074110147389314,1.5547717824759213
Xist,1.9635907558499683,0.7905886098383578,1.7207969119272752
Ybx1,1.455605285444416,0.6806860897200236,1.993613713810686
Ywhab,1.345264403606395,0.6543782997617331,2.0570865951700887
Ywhae,1.6155267438685688,0.7171039910415185,1.889627348294104
Ywhah,1.8166618120857825,0.7604350167104776,1.7636931912570037
Ywhaq,1.899104470227155,0.7774983779848893,1.7251096425264936
Zcchc17,1.9729863910999725,0.7924778063726454,1.7159423945278847
Zfas1,1.9971642833007859,0.7973187165166795,1.6872521360631976
Zfp36,1.8060399916180796,0.7582086679637243,1.8014924131012484
Zfp706,1.6753682593574684,0.7302645273816957,1.8865088418903302
Zyx,2.0530330391532243,0.8083939095666325,1.6659397909758964
mt-Co1,0.25517667386727527,0.2850004526583259,3.7650626172547734
mt-Cytb,0.02652602622392313,0.0918884997605534,12.04118668357218
mt-Nd1,0.055773954179633954,0.13324188908499923,7.455877343590634
mt-Nd2,0.2632351091417063,0.2894656069906652,3.791670922282259
mt-Nd3,1.6284623188580454,0.7199692044596743,1.8098169218504807
mt-Nd4,0.15362778271626157,0.22113625218647742,4.968876596897298
mt-Nd5,1.379788817200917,0.6627219789330145,1.8861721995025065
mt-Rnr2,1.6824112752956832,0.7317978829934499,1.8115349655537643
