x,y
-21.361347,-31.34735
48.322002,-34.965015
51.319214,-34.791344
-23.04135,-29.952337
-21.074621,-30.901892
-20.541128,-31.446657
-21.359232,-30.931324
-20.239193,-28.274048
-21.409325,-27.922043
-51.437576,-4.1170526
-24.121864,-22.255503
-20.483795,-31.165205
-21.058392,-31.188986
-21.173977,-31.006115
-21.060286,-30.079409
-21.107805,-20.179241
24.48078,50.764782
24.627197,50.887707
-14.946362,-28.502401
-21.506197,-30.15673
-19.514463,-18.145702
-21.522062,-29.954473
-51.28858,-4.0262136
-24.050383,-22.227215
11.907883,39.266865
-16.590342,-31.353855
-22.808662,8.167847
-16.741833,-25.1824
47.58922,-33.978455
-20.678076,-29.367044
-16.979671,-31.413813
-21.093348,-30.415703
-18.926264,-28.187414
-19.150108,-29.848627
-13.739617,2.9014275
-19.850637,-29.399128
-12.658782,-27.621042
18.205795,47.641254
-15.820515,-31.77817
-13.138336,-28.947325
-19.962841,-28.587797
39.68331,-21.978075
-22.709154,-25.164124
-21.821613,20.681314
48.23448,-34.523827
-15.935415,-14.224224
-22.635698,18.67369
-22.423462,-29.877253
-18.052864,-27.16398
-11.6192,1.9144164
21.84509,48.51035
-14.909947,-30.166592
-22.849077,8.190865
-20.301216,-27.891989
-12.11021,5.0276594
-20.421946,-28.974495
-18.394098,-29.258825
-20.625797,-29.860325
-11.765005,-30.560902
-18.872587,-28.075846
-21.702644,-27.401535
-19.873968,-28.239294
23.85667,50.436104
-19.000277,-17.725996
-12.746372,-27.60007
41.913227,-26.16101
21.35603,50.497437
-12.734204,-30.931446
-16.97333,-21.152107
-16.462107,-27.835638
-20.7642,-10.123702
-16.779316,-29.014679
-21.079643,-29.744413
-20.850733,-29.64029
-18.277218,-26.169186
27.066837,2.786843
-18.405727,-19.180653
-15.963243,-27.051868
-16.172367,-31.370087
-19.279488,-26.397417
-21.241482,-28.775684
-15.163557,-25.879385
-21.642832,-29.225843
51.092777,-34.681534
-20.917702,-28.827682
-9.385133,-21.44207
-16.442732,-26.546232
-19.186283,-26.235184
24.953524,4.0252266
-18.460758,-17.54297
-12.181929,4.65912
51.226673,-34.754543
-17.717049,-18.789711
-50.190662,-4.1836505
12.270001,39.653908
-20.00904,-26.369783
-20.955017,-27.903532
49.597675,-34.440197
-11.846978,3.56997
-20.952845,-28.386717
-20.772999,-21.257452
-46.85291,-5.1628494
23.56161,50.362663
9.720962,36.770927
-11.487494,-28.425995
-10.900773,5.5739183
-11.511265,1.9514879
21.730642,48.169247
-14.535906,-29.47873
46.62551,-32.275497
39.495045,-21.681763
-19.808453,-24.846134
-12.514601,-27.574835
-15.829899,-31.29253
-18.499205,-26.33609
43.507996,-29.123465
-21.454535,-28.575142
-18.862709,-17.77831
-17.363134,-25.965109
-12.890237,-30.33835
16.268946,39.69666
-18.598564,-23.516775
-19.78361,-27.478598
-17.317116,-14.200596
13.037858,-13.364119
24.587866,50.849808
-20.31441,-26.961323
-14.961648,-23.877243
36.071526,-19.790485
23.423147,50.66238
51.198586,-34.729885
-18.050678,-25.187761
-21.122852,-9.597332
-13.429506,-30.425995
-50.629692,-4.001273
-3.7670891,-1.0646034
11.879841,38.894085
-48.91719,-4.2832747
-15.851668,-24.019466
9.613274,34.65624
-12.226963,-0.5294114
48.797348,-33.40297
-22.204586,-14.505383
50.364994,-34.252365
-24.066387,-22.023676
-20.28354,-28.782938
50.589626,-34.5505
-19.462685,-9.865915
-14.773345,-22.99631
-12.025434,-23.067673
-17.490828,-26.161367
-10.775585,1.9329644
-13.4643545,-31.04283
-17.312244,-17.002996
-17.398588,-27.955317
48.523876,-34.099987
-10.715355,-24.219437
-16.02391,-15.452477
-12.91027,-27.189606
-48.288616,-4.8438315
23.512611,50.268345
-17.707453,-24.49412
-19.223501,-27.646208
-50.454357,-3.888151
-17.944742,-18.623184
16.729607,40.17642
-9.840554,3.7776046
-20.387249,-25.172945
50.668343,-34.48369
-15.219651,-13.398801
23.803629,50.47388
43.848526,-28.178461
-20.791916,-27.136463
-11.035464,3.2583265
-18.414948,-27.646242
-19.510077,-28.47066
-14.423473,-31.472563
-13.551666,-30.746891
-51.19273,15.316356
-8.778476,-20.803175
-15.235543,-25.553062
-19.987896,-22.147968
27.493626,4.268233
-11.627552,-30.48631
-16.015661,-23.44145
22.560041,50.745373
-22.02422,15.172147
0.57715267,18.055273
-18.66048,-27.185162
-9.223967,-23.35186
-51.853592,13.860866
-15.739841,-19.486221
-21.673567,20.511005
-15.47938,-9.78378
-20.897102,-23.690372
-15.021013,-25.506344
-9.695811,-28.520155
-4.648657,-4.294558
-9.845911,-30.05743
35.08609,-20.718132
21.874765,49.9585
23.533335,50.529446
-18.406425,-22.7107
0.25722936,3.2354748
-16.558672,-14.126012
-17.730797,-29.88933
-18.897123,-24.11451
-13.474083,-30.668781
-18.20956,-26.566738
-13.787957,-29.025589
49.461075,-34.041412
-50.94697,-3.8189151
-15.4678,-30.300224
-50.880245,15.203805
-14.900706,-25.554663
-15.728399,-28.891779
23.812695,50.781635
16.37787,39.482758
-12.0186,-29.139196
39.435116,-22.912514
42.363636,-26.689993
44.496735,-29.194897
-8.994644,-22.391815
-14.303861,-23.50017
-13.13914,-22.227425
-50.10781,15.163078
22.524782,-5.9478893
-7.526514,-27.215961
-20.869873,-9.357306
-15.3598995,-28.135715
50.753334,-34.485767
-18.771795,-21.32571
9.831732,34.337036
-49.762062,-3.491658
48.425785,-33.293114
19.704144,47.30671
13.251811,40.976467
-19.915365,-27.718513
-17.963062,-26.95775
-17.724846,-26.722897
34.79311,-19.102037
-9.144919,1.6372051
-10.255926,-25.907574
-9.1932125,-24.849047
-18.296679,-28.783607
-13.355855,-26.037235
-11.054738,-28.09402
-11.089134,3.9259098
32.604187,-16.005047
-18.41612,-20.907637
-20.50277,-23.711493
23.87581,50.702003
-16.863146,-25.685177
-15.337771,-29.568872
-12.679245,-15.327755
-16.427753,-22.739052
-11.742305,-12.379582
48.353157,-32.79441
5.4176025,15.599158
45.220074,-31.716238
50.120625,-33.264835
21.930506,-6.9113936
-18.616066,-26.959084
37.101738,-23.683771
-1.7780865,17.688562
50.432053,-34.34822
-14.793159,-30.561
-19.451405,22.697784
-20.225258,-19.569614
-11.79484,-29.888453
-45.235638,-4.443109
-51.074913,14.963745
-16.436848,-26.317259
12.991134,-13.137048
-12.596048,-26.541742
50.025364,-34.29562
-21.029776,15.891428
-17.217829,-27.782974
-15.588965,-22.919847
-19.942513,-20.788609
-16.293741,-24.82804
-20.78635,-9.242085
48.286266,-33.644783
-14.200031,-27.270788
-38.782024,-2.7945967
-10.16064,-18.107967
-13.684905,-27.813753
9.805424,37.484554
-21.240921,12.654601
-13.284846,-22.805292
-2.3516932,-26.366034
50.861324,-34.593983
24.034227,1.2522976
22.389269,-4.832499
-48.675694,-4.276619
-11.423775,6.9149375
12.959597,-8.675602
27.609158,4.2167673
-12.989699,-20.179155
9.574777,34.942265
10.275514,33.262638
-12.996826,-29.41143
-15.073749,-25.507856
-20.67793,-23.476437
49.798008,-34.22983
9.738403,34.697315
-22.430656,18.07154
-17.577475,-24.968435
-1.6315286,-2.6318576
-13.795537,-24.456163
-18.003223,-24.260504
-12.950138,-23.88459
-51.083916,-3.6281126
-51.584118,13.994131
-14.806311,-22.615486
-50.451984,-3.3740942
11.889204,17.622997
-1.5948769,17.087547
-14.684361,-13.412291
-2.3136494,16.97565
-4.9790573,9.129645
-18.62986,-25.20733
-17.080873,-21.026491
-9.9550905,2.9219975
-13.406711,-30.267124
-11.075558,-18.63935
-14.702277,-3.6464407
-15.704217,-17.757978
-8.783239,-22.112354
-11.089254,4.3089814
32.22133,-15.802619
-10.0935,6.0934167
-15.292395,-14.498658
-19.252054,-26.8227
-16.04341,-26.293495
23.074442,50.40678
-2.328745,-10.419785
7.8990107,-17.312323
21.164043,-6.0659523
-0.35291666,16.841919
-5.912726,-0.8198013
49.18898,-33.78731
-20.451187,-21.051712
-17.283323,-18.002039
-19.796854,-24.638302
26.206894,2.4134285
-19.381697,-26.861984
22.349993,49.996376
0.43376485,15.924809
-19.437826,-24.563694
49.960564,-34.404575
-1.4825671,19.252466
-17.547777,-23.135525
-17.141853,-13.813056
23.593655,49.371845
-11.244561,2.8727942
-16.473602,-23.581223
47.91606,-32.74019
-17.950848,-9.619864
-12.944117,-25.317532
-20.611795,18.870825
21.814053,48.613937
-22.18586,-14.4885645
-20.829407,-9.384776
50.34749,-34.42339
-3.5576155,0.68616754
-1.3818083,-0.09851247
-51.12465,14.170183
18.615885,41.95495
26.139652,2.4916253
-22.336676,18.587149
-13.344457,-17.29766
23.467041,50.478596
-17.755804,-17.487875
-9.622002,4.3572125
49.417667,-33.77899
-0.92610216,16.511831
49.181957,-34.01148
0.76443493,-1.7319694
49.017303,-33.35567
-8.083875,1.1487039
42.36377,-26.804914
-12.275247,-21.340113
-16.066866,-16.977781
-4.8613734,-1.6607223
15.054027,40.247715
-14.468197,-15.840593
-15.20371,-13.9619255
20.072529,-6.2498603
-9.220413,-26.428131
17.21777,-9.976439
-22.184204,-14.504168
31.958143,-16.81758
-50.006653,-2.7730339
-13.384768,-23.331987
-22.058262,17.856749
8.255493,-17.090801
-21.46101,19.464596
17.377493,44.56455
-15.323651,-24.366749
36.968483,-24.530525
23.561756,50.907364
49.183083,-33.713585
-10.194288,1.8731405
-47.4786,-4.2672453
-10.406838,-27.510923
-11.138201,-21.246702
-14.709673,-12.798071
12.1036415,-6.2814097
-9.77972,0.024694484
10.84871,31.34413
-20.546215,12.639519
47.113483,-32.19546
-17.068352,-23.033962
-7.1148815,-1.6721002
-10.741067,3.166754
13.869815,41.993122
48.258865,-33.102787
23.873169,49.972862
-9.76212,1.0572549
-11.287246,-19.98535
3.9309058,-6.9389977
41.537918,-27.233816
-21.237589,14.358523
-10.086215,4.21187
-16.04917,-18.421814
-14.100157,-18.881462
48.684063,-33.35747
13.945232,-11.809345
-10.816234,-25.052042
-17.141523,12.192489
-6.47025,-21.514162
12.332625,-16.443024
20.550991,-2.5679884
-15.010572,-25.393295
21.178022,-10.359611
15.693724,-7.3974495
21.413881,-1.845457
13.010205,-12.877241
-11.680067,-16.831161
2.220333,-8.535724
-19.128542,23.04472
-7.4944634,1.2935252
-17.365614,-25.289318
-49.82479,15.351555
-49.68092,14.710344
-1.3831553,18.22093
15.840005,40.480297
-8.8716955,1.5108863
34.711796,-18.87623
-48.04198,10.714796
46.38295,-31.619389
-12.092351,-25.044498
-5.5324144,-25.207045
-16.480654,12.355166
46.236668,-31.200583
47.63171,-32.605335
-2.5339618,-18.354149
-20.728384,12.633954
-7.468402,-25.462069
46.23247,-31.269497
45.167015,-31.192213
-49.99266,14.420265
-12.611875,-23.575062
-17.327,-23.405272
20.337608,-8.006295
-18.938137,22.779003
-13.804508,-27.52023
-14.982638,12.184017
-50.320095,14.843803
-10.818223,4.7134275
-17.708532,-22.315487
-10.074521,-22.24637
-8.6210165,-28.071678
48.972374,-33.518448
-10.091494,-24.183254
-15.216899,-23.470306
1.154678,0.24149166
-14.983817,-21.792229
-15.390463,-17.891476
1.7726753,17.339317
-17.267513,-17.479105
23.532797,50.491814
-14.237855,16.66528
7.397635,-14.738282
48.63857,-33.267883
-0.706537,18.274588
34.687206,-20.377443
-1.2239941,17.857117
-0.4171182,-2.7559888
-7.7843976,-26.803692
49.20821,-33.711784
27.079285,3.0266693
-10.6468935,-30.13141
-13.241255,-27.566309
-51.38513,14.958557
2.7477663,-8.901244
-16.64426,9.869544
-16.748116,-22.18409
-13.081826,-7.5690207
-11.1319475,-18.212757
-8.506346,-28.844828
-11.536038,-12.526282
23.35121,50.453056
-6.530565,0.8076543
46.119823,-31.386312
-20.009493,15.126557
-13.043903,-26.799862
-13.058276,-19.41036
34.502182,-20.20544
20.629921,-4.2071295
-8.5509405,6.1014943
-9.2636,4.5959797
-5.7966437,-0.9761898
-8.648064,0.426489
-12.326297,-22.393496
-4.025779,-20.917747
-11.365544,-20.793133
-10.590329,-19.462427
-8.385767,-26.660995
-17.988169,20.253849
-3.083824,4.206236
45.13519,-26.533373
-49.974655,13.615708
-3.866871,2.6965249
9.418432,32.505787
-12.488926,-19.624176
-2.6617823,2.2394898
-5.876054,1.1584731
-16.797358,-16.765825
-20.635008,-9.535717
49.037426,-33.581066
-10.100599,-29.640059
27.020456,2.7331083
-20.325762,20.602314
-51.02566,14.492771
-0.49561676,17.35887
24.732645,4.179186
-47.389275,-3.3659344
-9.60764,-23.620934
32.942215,-16.250343
-6.342725,-26.806494
-1.7141304,17.462603
21.007174,49.292706
-2.0241537,16.236292
-11.316461,-29.010931
-50.126534,-3.2486775
-2.9066195,3.1647408
-4.9081225,-17.36092
-46.254066,13.465564
-4.419498,4.288347
-1.7319732,-10.186562
-11.850808,-29.766956
-14.125069,-22.936676
2.5587173,-10.300267
-14.422078,-20.508675
-2.6502538,-0.58582383
21.64275,50.303642
-6.833466,-20.256779
-13.95184,-14.689913
-51.49058,14.29231
36.658222,-21.857395
14.8369875,-5.379845
21.663137,47.20482
-50.615345,14.841434
32.449074,-16.977428
-13.929232,-25.313663
-12.976333,-21.234331
-9.444184,-26.364515
35.17791,-20.871632
-42.333714,-2.874298
-13.073929,-18.922016
20.761202,47.481533
46.311115,-31.422718
21.583992,48.534523
-3.9427562,-1.7543322
48.721752,-32.974094
-5.4207454,-26.502537
-3.3157573,4.565973
27.495508,2.9191313
-22.736605,8.139412
-21.014181,15.064861
-9.438359,-25.5095
-1.728057,3.2916028
-13.112383,-12.87202
-44.38398,12.880147
4.055255,-9.972537
-11.508287,-17.62509
47.106224,-32.211826
-10.822444,-23.003172
-11.991726,-21.734627
-8.99139,-10.303122
21.084463,-10.208881
-3.4397216,1.5747056
-8.778134,5.2701774
32.130074,-16.14336
22.569403,-5.961138
-49.385445,14.662337
-10.151924,-23.451124
-22.179522,18.704996
-1.4209063,-8.364252
-8.631519,-20.396347
-13.561058,-20.507742
-20.796684,-9.488921
-22.219038,18.576426
13.127127,-12.635514
21.998966,50.16907
45.181854,-26.564846
-21.28859,19.356094
-9.190157,-28.325178
-20.725431,13.352221
1.2742664,16.99557
-8.555685,-28.240723
21.385715,48.83248
22.232292,48.236263
-16.24106,-21.363157
8.041999,-16.987034
-2.6804013,-9.760593
22.674183,48.431267
-10.630634,5.8724194
-10.016829,-13.703336
20.683952,47.862648
-12.3312645,18.570911
-6.3876066,-28.642889
0.4206194,-5.4197073
5.7171736,-15.336024
-3.3250332,11.2143545
-4.7176247,0.34951124
-16.19735,-17.360765
-16.514214,-22.82044
-51.20374,14.206523
21.022993,49.49717
32.355164,-16.861927
-3.1688168,-3.4142435
20.665012,-5.6549816
8.610342,-16.713636
-2.7745702,4.4304843
-22.70391,8.125751
-0.29791483,-4.5104537
-8.177046,-21.20323
-0.70862347,11.323065
-11.433438,-2.7845545
-38.797695,-2.364323
-17.149996,8.4759865
-4.5863047,1.8039081
0.83993936,-6.5427656
20.82378,48.63027
22.322191,-6.3502326
49.200478,-33.768024
-9.370141,-10.952962
-11.674574,-22.446236
-12.031943,-18.94829
13.251041,17.906542
-4.6615806,8.986981
45.280064,-30.925747
-12.785651,-24.767044
44.636055,-29.944963
-1.4196911,17.017004
-21.638767,7.761061
7.9443727,-15.3906555
-1.457025,5.133149
-5.0371146,-3.8412073
12.991532,-11.685442
-9.257084,3.000104
-17.444042,16.24356
-7.557293,-21.772272
27.30676,5.337692
36.693283,-20.285652
19.617046,44.60124
-4.4935575,-25.827261
-11.836325,-23.58697
-15.927023,-20.39369
-20.301973,18.151949
23.502634,49.027363
-16.217127,15.953217
-22.544533,18.074804
-18.419184,15.64881
21.472301,-7.2214622
48.43224,-32.5519
21.274233,48.46944
-16.655424,16.283762
11.378633,36.45175
-18.429758,-23.295307
-15.341264,-21.772734
-9.65132,-13.60569
-12.606542,-25.9555
5.04488,13.336346
3.2096343,-1.3887337
-7.3590736,-23.466747
-1.4136746,4.665564
5.7333994,14.0254965
32.652584,-16.221775
-40.483376,-1.4257582
21.633614,50.12999
-12.335766,7.5748754
-3.5921445,10.762399
-14.285274,-31.030388
-14.97494,16.634562
-20.667294,15.332741
-6.3662558,-17.914446
-2.8939755,-10.562406
24.41023,4.6164136
-2.9836607,-1.9524305
-16.62637,-16.668457
20.818981,48.249622
-10.943714,-21.648851
-16.575005,-24.568022
38.201717,-24.899347
0.54421794,-10.299942
20.908146,47.84756
-14.670962,-3.5673401
15.806151,43.744843
-6.1474247,-20.654226
-19.292564,22.16129
22.73188,47.967503
9.933848,14.000605
3.6568162,3.9571078
45.484608,-31.084639
-3.2722607,11.484101
7.6116295,-16.845448
-9.42578,-20.206337
-8.432625,3.6669855
-11.123589,-29.723536
-8.3787775,-24.246763
-1.2276635,4.205287
-5.0299516,-27.001139
35.108063,-20.770802
19.388079,49.548306
-13.990291,-12.354638
10.742814,33.152733
44.545612,-29.929764
8.222581,-12.469951
34.251404,-18.89816
3.8498275,-15.400282
10.663987,32.62249
6.902073,-14.953388
-14.385604,-21.785881
-20.603014,20.382687
-46.6582,-2.8276298
19.248272,49.303493
-2.2876744,12.90808
-10.766811,7.8524594
47.930225,-32.693756
-13.283576,-21.891983
-0.60230225,7.3575935
45.543762,-30.980862
43.27326,-30.005613
22.42236,-4.424955
-0.10679947,-0.015352411
4.022756,-14.909762
-49.41186,14.452798
1.8932694,7.2470274
-10.973893,6.528081
1.3007517,-1.637873
18.59035,-9.984192
16.532846,-10.065235
-9.739106,0.44218114
16.22541,-5.7291646
-2.7621982,5.562015
-46.69787,-4.4221325
-43.748116,-4.226048
-5.0311685,11.6652355
22.196526,5.5722575
-2.6020157,-4.288349
-12.533662,-15.891792
-9.848894,-27.377522
-50.406178,-2.190704
23.778435,3.6615667
0.92840046,13.174942
-0.9744271,1.7581619
3.0707788,13.0280075
45.121128,-26.54164
-12.855068,-22.331331
-46.911587,6.7628245
-13.885511,-14.053478
17.26959,46.157604
11.728449,15.937981
-10.440622,-19.114578
1.4420561,8.676552
0.9165825,16.086678
-6.687132,-18.875015
-11.568529,-19.637703
-3.3083696,-25.144848
-12.664304,-8.003261
4.544617,-4.833536
17.817654,10.3370905
-0.12133623,15.909414
39.412254,-25.42012
-19.508902,-20.829868
-44.551865,8.9376955
-7.75919,-24.846298
-1.4505091,-3.521159
-19.915775,21.373037
4.704039,-20.16012
16.05871,45.021595
-11.927559,7.852723
-1.3365366,18.650705
16.475409,45.03148
-9.006331,-23.743372
-7.112098,-0.80872893
15.403508,-4.36295
22.383219,-6.141127
-9.460994,-16.645576
-10.71177,-16.625502
-6.1879935,-28.245026
-14.309636,22.785051
-6.6926703,-24.471926
-13.576445,-19.578497
-49.70965,-1.6279624
-4.884847,-27.325554
-8.702106,-22.686668
-10.791185,7.796477
47.819397,-32.74203
-11.624826,7.263079
20.22824,47.59469
-8.101824,-19.687971
44.315685,-30.437843
22.419449,-6.493835
0.88640857,14.354417
15.407629,41.27756
-50.497482,-1.7850915
-46.973923,9.7659
44.009018,-28.155746
19.54251,49.429577
8.436286,0.8856944
-1.3534973,-2.133413
-4.756597,-1.3573741
18.699682,47.89076
-7.794335,-11.399286
-4.1642385,-23.844893
-45.70308,14.055736
44.65588,-30.377996
-18.630737,21.09078
-6.092718,-20.92414
-9.275886,-18.32927
20.632957,-5.511076
11.507806,38.150288
-9.926358,-14.890761
18.688147,49.117504
-6.8686085,2.08298
16.668474,-10.744877
18.699512,44.614746
-4.6986413,-2.4254835
-48.091885,13.726821
4.7609067,-3.8149126
-12.389472,-15.12314
-0.5307575,17.36326
-17.599089,22.461374
-46.914337,6.828817
-3.7938285,-19.627174
11.516454,37.059666
21.408934,48.8956
-17.120287,-26.541681
11.773651,38.370632
-3.3764286,10.463703
-49.711117,14.318287
16.690346,45.91414
-0.34009072,17.733377
-1.3094137,-4.1391177
-1.9266278,6.6466475
-3.53149,-25.070234
-20.818954,8.60243
-15.738462,7.6579847
5.039151,15.527082
-9.8463125,-11.516867
-9.964431,-5.24448
16.892742,45.948895
-1.4766434,16.285788
18.599148,2.0624983
35.1536,-21.237402
-14.015424,-18.044174
-5.5540857,-14.592081
-5.5988173,-1.1757793
-16.932571,-27.196936
12.693636,42.302574
47.72604,-32.645554
2.7662928,-4.4092813
-9.2765,-29.304052
4.8168674,-6.830501
-18.490322,-21.35204
0.1469545,16.58585
15.282573,45.847996
-8.208601,2.283258
7.5672936,-13.723898
21.861517,50.306442
45.40451,-30.222738
1.285949,-13.099836
-48.254528,2.5180857
-9.952272,-23.240856
6.4231906,-16.912407
-12.137597,-20.475332
-3.813309,-13.570538
-2.7929947,-8.290431
34.5684,-20.273117
35.12261,-20.843771
-8.763457,-17.661118
18.845116,-4.6849093
-9.977168,-22.74277
-42.038956,11.396584
-7.670215,-23.213585
-20.213455,14.177728
-3.4623322,0.28112623
6.1212926,8.850814
-13.995129,-11.758659
-1.1373632,14.216718
-47.339046,-1.9338009
46.03613,-30.707983
5.8670793,7.901331
-0.831986,2.816508
36.19003,-23.205605
6.9671583,-3.9484496
6.9470735,-2.988465
-5.7439,-27.067963
15.859766,42.322
-12.562212,-17.979914
8.411564,-15.586067
-16.855318,16.91471
11.33082,35.941692
-15.379203,16.333542
10.487206,37.570114
-15.499947,-22.490105
-0.8945485,14.491084
-6.210824,-17.279562
-10.377686,-20.27867
2.3047004,-18.474451
13.067506,16.960558
44.7284,-30.292734
-2.2345238,-20.904116
45.18702,-30.774364
3.7531424,-9.381529
5.7214665,-5.453051
-20.907095,18.773422
-20.2547,16.182825
0.28841323,-0.072328374
-0.51796407,-23.699514
20.861998,-1.8687668
4.0227346,12.598637
-41.003998,4.694939
44.91138,-30.035791
25.051868,7.5475497
11.126316,31.918604
25.042624,1.8307623
45.149376,-29.17255
33.96547,-22.28998
-1.5957044,16.929932
-16.363676,12.536032
-3.210508,-23.007067
-12.5410385,-9.714121
15.779666,43.22614
5.1250014,-1.9134419
4.118158,-12.117324
-10.849968,-22.689287
39.165596,-22.960596
-5.1526446,4.3499947
12.818041,-1.8975953
-7.8859797,-17.755753
15.664916,-3.0427861
18.8137,49.30184
3.0426962,-17.189758
18.028818,43.835533
13.467992,43.836918
-18.76516,22.833637
-1.7666808,-9.094851
43.934486,-30.063414
18.008022,11.603854
-14.124601,20.650679
-8.880996,-14.945991
1.2273029,3.5949824
-42.005295,5.6488113
-18.04563,18.89331
42.207024,-26.602098
2.5389206,5.9080586
27.063986,5.4664598
-20.07915,15.069697
-45.81066,13.873704
-48.566708,-2.8276894
-6.3939013,-22.969013
-19.26503,20.639278
12.77443,11.446037
11.640465,35.737404
-8.530793,-22.253572
-5.3288093,-21.164663
-45.737408,-2.3211179
-50.512516,-2.06702
1.1605445,15.24535
-48.84623,13.931862
-12.871429,20.03558
6.152278,-17.063911
-49.411793,-2.7007422
-9.89133,-17.387493
19.623138,-5.40411
6.566512,12.301753
42.72906,-28.990305
2.3699956,17.278772
-15.868858,17.17545
-3.9989014,-18.137691
-0.98632306,-6.3566604
-16.991146,-13.191441
-17.47797,-24.140993
17.838818,44.66092
-17.825167,20.630833
37.33716,-23.326126
-3.7516,4.7333775
-11.95523,10.606578
19.785353,49.53308
-45.25039,-2.812406
-10.36905,-21.00084
5.290078,14.499008
-12.508707,-23.474922
-14.270042,-22.489363
23.26246,2.4997659
-49.63483,-2.2776933
-40.25113,-3.174591
-16.54721,-22.32275
1.8174989,-2.238251
44.600914,-29.7966
-11.018165,-17.979427
15.290968,45.894623
-4.416878,-27.325384
4.429782,-16.576607
-6.8668246,-25.1358
-4.230121,-22.315037
-2.2502897,0.93854135
3.0894554,18.368948
-18.257017,17.140905
-47.087578,17.32477
-9.176689,-11.136348
-9.650702,-10.199857
21.393435,0.033227123
41.68495,-28.88716
-6.303885,3.5976567
-4.8565893,9.046707
19.755613,-4.723607
-14.62963,13.216136
0.58189356,17.64349
13.282205,38.53896
10.597103,13.631344
19.809965,49.444366
-18.043688,13.788529
-6.9236827,-0.7096833
18.042833,44.076935
12.363099,-12.295069
16.947453,-3.6112163
3.1423995,-13.999487
-0.72869986,1.2123828
-10.011624,-20.867271
39.54449,-24.228142
21.579535,47.529423
23.455605,-2.5816996
-6.6373873,-24.362663
-12.426515,-17.576677
-17.531412,18.841452
13.181149,42.666637
18.447996,47.544125
-2.480357,0.29462576
22.088957,-4.2878127
-17.719345,17.098766
-46.093403,8.512248
-49.769794,-2.4711018
-18.472286,16.246004
-2.344763,-25.530916
5.4687014,-1.0909486
-45.51607,13.648176
-8.586452,7.1817703
-5.2582498,-19.810595
-8.558716,-7.845571
-1.3634872,-18.373226
11.069634,32.61489
14.668143,-1.9004134
16.927353,46.2228
23.926674,3.8161554
-9.117803,1.8966243
-0.26181775,18.403225
-8.82513,11.151683
18.745104,43.730167
-6.448632,-26.014278
-2.0752475,-17.660725
5.0373063,-16.404232
38.97565,-23.969849
-12.009863,-19.919132
-5.632267,3.1844523
-19.925842,18.173695
41.86681,-27.548908
-10.263465,6.499056
-48.392292,13.67214
-47.77283,14.632854
-8.907858,-18.203545
0.3833019,12.859101
-45.36978,-3.5042477
-48.25001,11.369848
-4.844647,3.095085
-17.982162,21.094557
-2.5610132,-2.5431445
-19.35046,21.640999
17.894768,44.04872
4.780928,-18.762508
-0.42361736,0.82094705
15.581145,40.893436
-18.030987,13.699998
0.11929481,-2.8615723
18.487059,43.862236
-8.976659,-16.151207
2.5110202,-15.671468
43.278732,-29.734716
0.15467207,1.4655311
3.265748,-5.674895
-46.291206,-4.0205956
-0.29848626,-0.65625644
19.63488,44.292793
-4.1213627,2.4799
-11.278522,-19.530312
-6.6385307,-14.763879
-2.2560158,-1.4850283
2.1232493,-3.4184382
17.663628,-5.054877
0.08391264,4.493879
8.05938,10.192791
-7.2896,4.5327134
-50.025646,14.340909
-0.19428554,-24.40245
-16.919775,21.257992
-13.478096,19.34963
35.036377,-20.826616
7.998342,12.424253
3.797916,6.8456864
-0.43760562,5.8273773
-2.1309037,7.978613
-50.25141,13.928153
23.57447,48.80991
3.056066,14.896459
5.5846,-9.237948
-7.069165,-4.1525164
13.9735775,38.780605
18.506775,43.171837
-20.928122,19.743336
0.00064781785,17.13404
-9.278284,7.5508456
-13.782874,-21.19956
-46.76703,9.359635
43.836605,-29.709707
-2.9855008,-21.341223
-3.212771,7.6282334
22.902466,5.091249
-19.750742,16.007118
-12.122544,-7.4761987
-11.937079,-16.438213
18.161764,45.82325
3.5306008,6.9192004
-19.455526,19.562857
-4.6772065,-24.661379
-5.3201776,-0.08366409
-10.902773,7.2220206
-20.029118,14.380283
-7.18398,-26.488295
1.0459238,7.182673
3.9122934,8.831081
-48.27955,1.4192601
7.700693,-11.781387
-10.884247,-8.489579
13.498356,40.29801
-0.84336054,-1.2924635
38.109726,-23.432768
17.255623,45.427364
-13.629187,20.765987
-11.172246,-21.654797
-1.4610206,-0.8814768
-43.82884,11.069953
44.89264,-29.366072
15.323291,45.583355
11.430736,36.04283
31.530172,-15.930897
-12.924515,-19.9561
18.733908,46.763588
-9.738836,-19.958673
35.712173,-20.170248
-4.4474363,-11.154507
-9.776259,6.8640504
42.24564,-27.155838
-0.8668534,-10.515263
4.329135,2.14624
40.70884,-26.110125
-46.350338,-2.6972349
3.0986552,-3.4938233
1.4435568,7.5168185
-48.33373,-2.5803018
-43.26179,12.177097
17.977018,44.499557
11.357362,36.202595
1.0602719,6.246729
11.736748,-5.5418525
-18.033375,19.900501
-5.9362545,-18.719292
-2.1698833,-9.709646
-4.0838375,-22.956446
-1.5336874,10.175854
-3.0584466,-4.0878634
17.996264,-7.399468
-0.99184626,-2.5764742
18.14499,-6.1376195
4.773673,-14.213419
19.91922,47.558224
44.16465,-29.729744
-13.998445,-12.716058
-19.240507,18.129938
-4.3771787,-1.6570797
17.670015,42.61081
2.5832841,14.316753
-1.55799,-25.247122
-48.349636,-0.21391895
-6.2205553,-13.702932
-14.530554,-10.222946
16.764444,43.94079
-19.179838,17.015715
22.947172,-3.4460974
2.7592335,0.9130616
18.119076,45.844036
8.870408,11.6984005
11.798303,37.334064
42.542233,-28.257547
-43.905403,-2.6097329
24.417082,2.953552
-12.747494,19.121286
13.294496,44.449062
-0.3648512,11.598235
14.037772,43.4736
5.4588265,7.470093
-6.584833,5.6353693
6.4313126,-15.10178
20.126211,-1.4831806
-2.61341,-13.76552
-3.3865058,6.7449517
-11.627836,-10.885773
-14.2015915,-14.044162
37.30377,-24.46041
-1.0806531,-3.865347
6.45552,10.171742
-17.079136,20.285992
-19.887686,12.559066
-20.033047,14.8141575
18.974558,1.2251406
13.93205,44.35929
0.5410128,-23.296036
-0.86423945,-18.205969
15.79796,17.30224
-7.480048,-13.488547
22.50152,47.68269
-8.292453,8.415876
-14.543319,16.789974
-14.816357,9.420715
-14.847124,14.341839
45.18881,-30.126324
19.019228,46.59907
8.683774,-11.289822
-48.143818,1.9675308
6.237303,-16.884874
14.267288,14.28079
1.2056383,15.645094
-17.508335,16.153189
-17.24628,22.260508
-47.341953,-2.5017507
20.88086,8.652892
3.6093855,-15.88161
-5.4776745,3.5551882
-8.915602,5.9435897
17.656544,45.582916
22.16388,7.825118
7.15708,15.161814
-48.918488,-1.8051361
4.4541097,-1.3734455
16.500475,44.2215
2.3923876,5.015731
11.369818,35.92504
-8.105519,-26.006302
7.498774,5.701993
24.361061,9.207257
2.909668,12.438575
7.7357187,-15.515834
34.497658,-20.001434
-1.5561517,-17.161327
-17.578758,20.622087
17.00319,-3.3455906
-1.166445,-2.4453332
19.172655,10.781345
-49.35891,-2.308938
-47.69766,-3.153734
1.6003742,14.973679
-42.104137,10.823005
34.790386,-19.409082
-4.8511763,-3.963867
-12.157713,-14.71699
-6.1168213,-8.04718
39.817505,-25.715933
23.359442,4.1056376
-1.6696645,-6.389262
-46.54799,14.169977
-44.355972,-3.9965687
-2.6077905,-20.04884
-42.731728,-4.4026465
12.470024,-8.002126
-45.139194,-3.982765
-7.3592515,8.433161
23.875666,4.9069133
-39.100075,1.4632622
41.738678,-27.88035
-15.185278,-21.003584
15.4328,45.067947
-2.3957732,12.240045
11.53986,35.95644
-6.0088906,7.17395
13.144341,19.355267
-20.243608,20.449629
5.903325,-15.665011
37.897675,-23.130518
-7.66694,-18.445835
11.780577,13.40953
14.025823,8.016492
-47.776764,-2.8858962
18.714003,43.430206
-4.9427557,0.46799642
-1.8338373,-23.305294
12.610688,-5.0224853
-4.1472774,-27.230669
-9.033035,9.09771
-18.542358,18.62091
-4.197905,-26.217802
-46.40547,-1.018577
-49.4102,13.878114
18.660955,44.929955
-5.451376,-23.64531
-0.22282891,-1.1446078
6.3285165,-14.150593
38.63945,-25.781921
-10.014927,-5.796499
41.248455,-29.10555
-11.089313,-14.810496
-49.00826,12.312544
-19.668564,12.24451
9.586913,-11.888166
5.3259687,13.747523
42.094364,-28.104427
38.483803,-23.914362
-9.305157,9.661527
35.172825,-20.71685
4.167793,-7.207181
-0.095730804,-10.83723
-3.539557,8.991922
-44.700455,-1.732079
-7.993998,-19.906061
-4.9504366,-21.10644
6.9102283,13.626511
-13.385057,18.750618
43.77725,-29.416433
-8.530679,-18.827246
-2.6640458,-15.021716
-5.594134,-23.414787
20.303654,14.771504
18.914814,44.721508
18.973427,-15.194271
5.5174437,-4.2989593
19.048378,46.726086
-6.440549,-19.637983
-7.6518326,-23.72068
40.149994,-25.536411
-2.996898,-24.447218
0.33837375,-8.370713
5.114474,12.593276
18.067207,43.01175
14.064551,15.630394
-8.1777725,-18.01802
13.793214,17.590134
18.914347,-0.11456224
2.8134816,-7.8841815
-1.7775741,3.3912215
10.532776,-10.545306
20.294722,-2.920573
-43.06836,-1.9561875
3.7836356,-8.694554
21.211464,-2.6569223
-47.625195,12.815043
0.4074731,-15.636369
-10.191548,-16.055218
16.856604,-0.010020853
-46.362858,12.221922
34.331955,-19.762127
10.980465,32.094414
-17.31744,12.53276
12.223156,37.811054
8.943342,-0.40854055
-42.970985,9.716811
-45.901394,13.515573
7.4294305,11.243198
-15.83021,12.189607
-48.20863,14.0808525
-49.34461,12.788284
-19.338835,17.41474
-3.3192122,4.3625803
15.578105,43.899426
-2.1855767,-22.253859
2.3476815,-8.795256
13.932122,41.501057
-49.092903,-1.9737201
11.675416,3.5565915
0.66059315,0.6080914
-10.955085,-17.725397
-47.75633,-1.082951
17.625355,1.185829
-19.171993,20.970146
0.44314042,5.6665154
6.0700397,-10.723892
5.0125985,1.7783915
0.36378878,8.403408
-14.534051,-23.671392
3.7115366,-1.9369917
-17.911615,22.810783
-8.064843,-17.233156
2.0663285,12.91291
-3.2508874,-16.889103
13.448883,19.26932
17.183634,41.81869
4.854859,-8.700784
-47.143505,11.738853
13.117928,-3.1541915
6.9213157,-1.1822429
13.361757,43.369274
6.309696,12.0689
18.729439,-10.742275
-8.294425,-9.610926
-14.434326,-21.263458
20.881128,9.789109
20.486038,-4.2153153
-6.330809,-22.257689
17.846098,-4.3136573
25.990011,5.361676
10.940059,34.76378
-15.013707,7.854319
-0.8614135,2.9656863
-4.368849,-14.8574505
33.892307,-19.704397
5.611809,5.1671987
0.21151924,-17.137476
0.24703863,3.3942466
-16.301828,17.410093
-49.440914,13.876447
6.618995,1.1956265
-4.897691,-18.476116
0.9485267,-3.035816
41.948082,-26.395306
30.693575,-14.99667
-0.01256442,0.9581964
14.739626,4.5740714
-3.7825139,-0.7238531
-15.981939,18.357847
-2.1770124,-0.038237482
8.496619,-6.2802
9.328799,14.59564
-7.911586,2.7233853
3.3280287,-2.4346707
18.529728,43.84654
14.551198,-3.6086347
-7.5807905,-16.48071
-48.727993,-0.9860961
0.9906571,-14.673527
14.470095,-4.446401
23.56416,9.142444
1.1887697,-21.818655
39.644215,-25.370605
-4.4714932,-25.068865
2.280465,-5.9302254
-48.34162,-1.8506391
10.694907,0.7201576
1.7589455,16.212622
15.759622,44.764545
21.776684,8.272763
42.893272,-29.40738
16.221182,-1.4550475
-10.450682,9.691803
-8.74647,21.654142
2.3018022,14.893257
17.832718,42.97663
6.4333344,7.3015466
16.3606,-7.3540154
0.48456666,15.512763
12.635119,36.70688
-9.9308815,-23.213737
7.5920134,9.85873
12.222427,37.220272
20.565203,-4.0901628
10.97886,33.910904
0.6133324,17.718624
-0.08902144,-0.35968876
18.299767,43.452175
18.325413,-0.3415129
9.929883,6.378137
11.7413845,36.609627
8.943214,6.2033453
7.106782,-14.962089
32.2451,-16.704737
-2.298548,-10.370074
-18.032917,22.807938
-3.5888972,-24.982584
-19.496479,12.160506
13.514714,42.23518
-8.461634,-25.607258
6.2459188,-4.5965767
-48.67822,13.357081
40.31799,-27.29886
-0.037027847,-8.726227
-19.84085,19.354942
-1.244064,0.6241679
-3.8736625,6.5850005
8.566851,-16.339226
-42.384533,5.3796206
14.979897,-7.0132055
0.120740905,-19.967041
37.85756,-26.286997
-19.157923,21.618334
3.4553053,-3.3812206
42.276993,-27.87256
0.49967074,7.265164
12.891587,11.294575
16.520876,41.68085
-6.824503,1.9840548
9.939288,13.233832
1.3313248,-18.770376
44.620613,-29.539976
-0.64024997,-24.322401
-19.685167,16.412428
9.517931,11.194401
-10.243553,7.389497
-2.9741335,7.4029717
-0.78535503,4.1347423
-14.482984,22.659487
17.3834,5.8923774
18.359344,46.46389
-44.136803,12.264969
14.664716,-8.787163
-10.478961,-7.0458355
13.954897,-2.639403
-4.7468824,-13.72737
-47.662296,13.997782
0.7065934,-10.498456
5.505215,8.688767
-7.518619,-22.0285
3.498404,16.946276
14.512325,40.370983
17.68362,16.35685
-44.576504,11.869055
6.8289075,2.0207818
15.847024,44.204666
-6.829004,6.7558184
7.3033834,-0.62883323
-43.947945,-3.536854
23.653452,-2.9470441
-2.8638802,-6.514281
3.3720868,15.999784
12.414806,0.059316784
-5.8858314,4.2336726
-0.056146804,-13.818802
-41.13434,-1.0304112
-38.910404,-2.050338
19.053537,-1.2957726
36.173687,-21.897482
-16.521345,10.281619
-42.095387,-1.2297326
-44.76154,4.227347
12.888642,-8.583137
-18.74062,15.203179
26.016943,2.7913184
-12.521994,-7.6851783
-0.78232914,9.418706
-42.51663,-4.1416636
-2.693696,3.0953548
11.063885,36.608402
12.632131,42.406425
-40.47052,-0.93312436
-8.116329,9.23088
17.244112,-2.055194
8.4037895,5.5942855
-13.85442,19.678514
4.389245,-10.877376
18.45146,45.830532
-20.378485,17.7488
5.256342,2.7522333
-19.124325,11.884477
1.0828508,4.769024
-18.385572,21.252752
-45.021637,10.273948
10.056457,10.84509
-48.986668,-0.35402355
-8.814223,8.354111
-4.8392973,-18.293232
-18.871128,14.910341
-9.612559,9.411298
15.299436,41.024216
-18.693262,11.661088
15.792899,9.674284
-9.539857,-18.695354
16.3682,7.631669
5.031501,-3.0128055
5.4980245,-1.7222109
16.63201,13.505835
10.031186,10.255972
15.4162035,43.437443
-12.269117,7.825419
-1.1985242,-22.642057
-46.002716,9.375664
12.0918255,-4.1128516
44.15489,-28.454948
1.8602113,14.360054
-0.7044793,14.700849
2.21966,-20.057905
2.446083,3.0098855
19.694595,46.9489
-21.285114,7.872321
9.495884,13.862924
12.124629,41.266582
16.775517,-4.832942
16.084578,20.113626
-3.5134163,-12.850762
14.0741415,4.1505747
8.532936,14.2647
-11.314075,8.122007
1.3668875,-10.757498
19.927446,0.22855245
-20.31499,13.629439
15.330899,13.674225
10.464617,7.2865415
19.790243,47.231525
11.487124,-3.2273495
13.3691225,-6.679372
-41.643917,-1.9800388
-44.07626,3.3294177
2.511807,4.85765
6.765923,6.764995
-1.8875127,-20.384537
-1.1991751,-8.315071
-47.367496,-1.2702858
-48.473434,13.933871
15.183601,44.69191
-2.9053857,-18.08187
21.09534,-10.106849
2.1318235,16.148613
-9.329351,-18.513163
-15.656261,7.663997
1.5837362,2.7361972
24.366362,8.630218
-45.14008,-1.5852616
0.2265488,-3.4051886
-13.1827755,17.898653
6.1518326,2.4906156
16.857332,42.638206
-6.7802863,-15.780284
32.078568,-16.534227
2.2280443,6.11258
39.956993,-27.045866
16.941101,-10.210942
-48.050377,12.935314
22.614254,47.705082
7.710129,-13.242514
1.1719838,-15.107227
4.833187,-16.42904
14.397448,40.428143
-14.4621525,18.321133
16.951168,40.583126
21.740051,0.91374606
17.63465,-1.6868757
-3.3722134,0.540249
-13.671281,13.501257
17.257702,11.869901
-6.995336,-27.152397
-0.1142147,9.347129
-4.0183673,-16.028057
10.546157,14.34847
3.6971104,11.549924
-9.87887,7.112773
41.16971,-26.876434
3.6414466,-4.415507
8.240608,4.9155664
11.0099535,-1.1313357
4.8446875,2.0470035
3.3415828,4.9279566
2.309897,11.759115
-47.196125,11.8461895
41.24273,-27.978756
-12.010222,-15.483109
17.723822,-5.7506795
8.669435,-1.6695948
1.5953139,17.57238
18.822828,-5.999886
3.24639,-0.46277177
4.760702,15.387514
-43.50399,0.1358972
35.125248,-22.644514
-47.17457,0.5195207
24.278368,7.122243
4.0351214,-13.170946
8.400082,6.9383917
-40.78269,-2.7627268
-0.4112375,5.832022
-3.494374,-22.242668
-8.468763,-7.83793
19.504414,-3.2313194
12.255137,-16.41793
37.75743,-25.689192
11.524338,37.760155
1.9637861,1.228172
1.9584074,-0.6467446
12.264588,-0.47912225
-42.581074,9.212929
6.2526426,-8.651738
15.213933,43.17023
-46.56887,1.5366482
-48.748714,-0.78061825
0.92415303,-3.9492304
-8.941933,-18.302382
-5.3209457,-22.235199
18.157171,45.903866
-2.629365,-15.921452
42.854225,-27.539303
41.343742,-27.929264
6.162684,-1.8388181
1.9092146,4.4342546
34.751373,-20.33128
-18.536268,16.049883
-2.6749637,-20.24264
12.577204,14.453347
-1.4107044,-11.500128
-40.7344,2.1474838
20.816545,2.1378186
-7.0950346,-3.9380612
-47.45301,12.903498
30.869564,-14.2074375
4.262828,13.824092
-42.71776,0.44285452
0.71833396,10.4928
13.143432,17.653753
-5.658899,-16.116673
14.900403,40.486507
39.75309,-23.903782
22.229658,7.2037373
10.963109,9.388439
10.889395,32.25669
4.2086153,-0.58653265
-1.846222,6.3615746
3.023747,18.213226
4.9230347,-5.6488085
-42.318653,-0.5246412
-7.5656853,-24.58846
12.276086,17.532183
3.9504683,2.8070996
6.1337285,11.4553795
-11.383517,17.344095
14.152291,43.166195
-5.2554164,-19.803553
-5.2109613,-15.219694
10.286969,-7.991282
-3.218176,-18.632303
-15.5368,19.159842
20.763245,6.6707654
12.2311535,18.65719
4.251858,6.8004208
-47.56632,-1.9851601
13.720931,38.967712
21.175364,7.3988
11.874495,12.35019
8.51825,10.054172
11.2091675,33.354286
-3.4621012,-19.465788
2.753335,16.52471
4.7040443,11.263292
14.697302,-0.6179555
15.942954,41.821716
0.5816984,13.399751
19.772238,3.0752857
-6.9872346,-16.96537
16.374134,0.9711774
21.262812,5.784723
21.872488,10.017958
7.5045,-3.762201
20.222368,5.709739
18.864489,8.346026
36.15966,-22.251104
13.757575,-5.56098
8.4553175,8.032983
1.293897,-1.3868631
12.089699,41.374123
16.531622,42.108982
41.602215,-28.331749
37.727962,-23.259933
11.626258,1.353288
11.246464,2.1918569
3.2455702,7.7879877
-2.5505252,-12.874876
8.498568,8.944146
-8.478707,-16.865528
1.7828758,-4.4044394
3.958933,-9.477507
-45.31959,3.1207259
-3.932936,-15.331294
23.61611,1.172241
-7.5115232,-25.804628
8.109551,11.366532
-2.8124287,-19.560583
-19.453226,12.23947
-2.0224319,1.7853978
19.812841,6.03942
4.1674404,0.12600885
-6.0337353,-25.669771
19.693605,-2.094663
-45.957676,12.34544
14.215632,44.325832
8.632069,-9.9826765
14.30308,18.66616
9.163855,5.3006296
-9.005904,-11.1247015
22.719355,3.3992229
13.352907,-0.057134163
31.153515,-15.36134
-42.074505,-0.32221857
20.638113,4.7031612
-6.9200783,11.302634
18.10034,5.597759
12.883288,10.552757
-48.66913,-0.8099148
13.921319,44.247593
-2.1014876,-16.340334
11.459804,12.91739
-1.3230672,-1.0686481
20.316301,3.8561184
-38.65083,0.848602
2.954972,13.837464
-11.976576,7.95503
-16.298372,21.68459
36.171757,-21.837923
14.34539,43.072296
7.2505727,6.4666586
-1.9806587,-15.154226
-47.734047,10.914007
6.1683702,0.65921503
24.563143,1.4827963
-47.792812,-1.9415114
7.7955127,-10.214795
17.093641,-0.9390822
5.804921,-3.6950688
23.723629,7.7336936
-21.666403,7.749328
5.1457806,12.899078
30.843258,-15.092041
17.339113,-2.3228717
15.119338,43.210346
0.72877514,-16.473043
2.0291898,-3.048661
-45.62466,11.878188
3.4247992,5.994898
7.097751,-16.129799
1.6916625,-7.257955
0.7853665,2.515611
-10.206299,-15.843801
5.51726,-15.090811
-12.618488,-18.502277
-37.3951,2.6239784
19.036795,42.32215
12.811978,5.292621
-44.18209,10.650105
14.515159,16.18593
21.80452,6.6154847
10.258972,9.822878
43.410698,-30.36581
0.20177048,-2.0071473
12.326951,-2.8067555
-41.430782,1.5524276
-42.12027,-2.2040381
-1.9749444,8.195814
16.52911,42.806698
21.936533,4.6619854
-16.691713,18.55305
38.00013,-23.215265
-14.910225,18.687044
14.252753,0.24169749
41.978855,-28.795752
13.535694,39.710564
41.68503,-27.650879
-42.420197,-2.7614968
20.472507,4.8869176
-43.097202,-0.28875855
19.858938,-5.3002596
-38.792675,-1.5488102
6.5476084,-0.5356811
19.76056,0.1963422
-4.148189,-15.993553
18.130478,4.896329
-9.723797,8.445665
-45.57224,9.521797
7.255162,-7.6055446
15.874558,44.185062
41.91688,-27.494421
15.610076,4.955003
-15.56563,9.630953
-6.808819,-4.513068
14.21799,16.742455
31.216616,-16.042498
-49.11982,12.70851
13.826318,7.6100454
34.29271,-19.184196
-3.6197426,-21.55681
-8.848207,-12.400149
-16.20801,16.171434
2.11613,8.041885
0.96610975,1.7852699
-41.72388,-0.5842192
-6.1459637,-14.985188
9.305733,15.67716
-2.2037022,-23.632923
4.4328327,7.9052124
13.698647,13.94974
41.56331,-27.06356
8.781352,12.443964
-1.3818158,-21.098955
21.91074,5.602971
15.184312,7.4922714
7.472809,7.6700487
0.7144772,-12.809046
-40.22652,3.1967669
15.948162,41.0829
2.1266143,15.887253
-3.101396,-14.327434
-41.79459,3.7765238
-1.571366,-16.652418
1.7519281,-17.345814
11.757031,16.861696
4.4953303,5.3148255
14.924517,5.370022
0.6774532,-15.774931
11.098312,32.389755
18.993095,5.429753
11.346013,-0.16972533
38.266525,-24.812473
18.435242,-3.067426
18.77184,-10.120866
-9.606058,-21.007544
11.876807,-11.569053
36.977257,-24.215935
-10.333463,-16.324148
1.2067796,-14.30447
8.2399025,0.53880984
42.409595,-29.851133
2.1062233,0.039458163
-46.633846,-2.5970047
16.063984,19.977785
10.182938,-2.5323935
-21.628386,7.749818
-47.787697,-0.35112414
-15.777881,19.68249
37.937004,-25.11876
-1.3208481,0.621267
1.0544763,-2.906546
-46.683563,1.7716004
40.502983,-27.091139
22.621916,-2.670877
14.20479,38.980057
13.707289,42.75386
0.5465247,16.730537
1.068701,-0.40510225
-1.954369,5.48162
4.4320097,0.6046469
-4.5919394,-22.072285
-8.913606,-20.048883
7.4099636,-2.019077
38.384167,-23.631933
40.4366,-27.607069
11.473758,31.599842
2.7386348,3.874049
3.3100123,9.629388
-17.606062,16.344997
17.862705,42.091698
7.8629932,-1.789278
13.908717,41.570816
5.921399,4.644148
11.02263,34.75969
-3.1107645,-19.275295
-4.4325213,-16.589516
42.055035,-27.806349
-0.7648076,-16.89673
12.214018,15.040772
3.1915803,9.782053
10.479855,1.870494
14.245486,39.563747
14.049586,-1.1034029
17.678816,2.4888306
16.445095,18.109934
1.8465872,-2.485943
-10.106617,-18.120636
-43.670033,11.197268
14.732594,15.468713
23.745173,4.65033
-39.828583,-0.079983555
-16.319279,10.067661
-3.4041076,-16.969908
-12.304958,-7.348205
13.486284,1.3299264
2.4471745,-1.3825816
1.0242354,-2.4204586
-42.71537,3.4181008
9.160967,8.823373
40.22096,-26.06125
14.354931,8.768589
14.569,0.5214804
4.5771303,-19.86003
5.230656,14.262996
-40.36581,2.1983492
-11.737899,-9.801444
-43.907658,-1.0159136
-35.079205,1.2567842
37.789646,-24.812674
-18.390442,18.625566
-4.966437,-24.460646
15.61744,40.367695
-46.862682,10.60349
-7.9643164,-11.4161625
4.1868978,3.8826406
-14.6522665,12.915974
-16.88937,18.7957
-44.368923,-1.6388721
5.018291,5.229959
-14.015141,11.662223
39.009655,-24.291014
-43.495678,-0.80443746
19.555643,9.140632
11.075345,34.670837
12.671799,8.050521
3.7993674,-19.446524
19.811853,7.765863
13.555468,39.32577
-8.158341,-21.068699
-41.23821,-0.03933035
11.949341,-1.2061087
38.901478,-23.736792
14.388269,39.47547
18.369387,-1.9002397
17.132833,3.4643598
4.683608,0.44534534
-2.577253,1.424441
39.220997,-26.205744
15.598938,12.396303
-8.71391,9.897168
-43.749367,-0.05442231
1.1668079,-17.910412
10.086612,-12.870124
-43.146263,0.6344563
17.51945,8.473158
20.741962,8.15001
24.775871,8.118531
-45.130608,-3.30392
-7.530942,-15.596995
14.411364,2.8551736
-6.9829946,7.0720706
-45.529167,-1.7390761
15.48184,40.75981
-44.625004,10.605194
7.0462117,4.849267
-45.7543,13.146671
4.7710676,6.088483
37.58303,-24.07411
1.7479492,-15.629942
-49.914692,14.202682
-16.270834,20.466541
-15.177105,14.901771
-38.699463,-1.1724222
5.3764215,4.4643517
21.22266,3.8324733
-44.07901,-1.0971506
17.20657,1.6134502
2.0016959,-14.948947
-5.2058454,-26.779402
23.653822,6.367324
3.170283,0.7856683
17.61002,10.292009
9.4924755,10.722225
22.78357,9.865274
-46.27659,10.484463
-7.397097,-19.486364
-17.19749,18.226757
0.6227648,-1.0286726
12.020582,3.0927815
4.009706,5.504958
-7.646751,-6.915198
-1.573179,-1.1845154
-1.6913546,-6.7880692
-15.790192,20.913387
-3.1641285,-14.421001
5.462392,7.107431
2.9513605,10.755983
-41.723377,2.466114
19.121063,46.5809
35.759277,-21.122421
-38.61184,-1.044075
2.0478272,-0.46755043
8.924324,3.4768932
9.472348,7.580934
-0.5335361,7.688622
5.9240227,6.1626334
24.720675,7.9086094
4.618811,4.572273
14.061657,43.14035
-13.517545,17.785135
15.393121,-3.5783994
-5.7137294,-22.417515
-15.180057,21.218515
4.105379,1.182486
2.3807142,7.1719265
7.195763,-6.485448
-20.341288,19.360191
36.314484,-21.228422
38.459652,-23.741768
-0.7678509,-4.1337543
4.8666754,-14.4017315
6.4542766,-12.855661
-43.077465,0.59691
7.3732934,1.264464
15.789616,-4.0931015
37.925755,-25.352303
39.295677,-25.264742
2.1544359,-13.907074
-46.22265,10.152648
12.572981,5.6610613
-47.794785,11.516079
9.46312,5.1716075
12.470681,41.212494
18.927006,1.0488628
19.352407,46.730434
-3.851385,-23.587812
-3.077248,-1.9463487
2.6391685,-0.17733379
5.4799438,-0.11761568
37.845432,-25.043037
20.67354,13.869009
20.808865,15.551778
7.711305,-0.9502571
3.4373722,15.360031
-41.761368,-0.8352458
-15.383044,19.886435
2.353983,2.0457852
-21.294142,7.898063
16.978579,42.607025
-13.715461,10.300035
19.853947,-3.0832193
0.9948163,9.6612
8.649609,-9.070872
-43.51783,9.750226
-10.7546835,-8.629383
15.517203,42.36456
3.6306984,-17.942032
15.184694,11.359937
5.821543,-2.9155374
-5.058809,5.85258
13.486073,-4.256535
-1.5917388,-18.810696
23.899738,8.008416
12.003412,10.660063
16.875498,17.819136
2.827287,15.6613245
-46.17512,-0.54406613
7.7685256,9.108141
12.321254,2.878158
-13.071478,12.161917
9.859687,1.2170349
20.781527,6.259143
6.9269094,-3.0721586
-2.2225375,-20.08787
32.58895,-17.130173
41.8754,-27.687029
4.5972457,-7.278533
15.050797,3.3917177
19.538244,5.850259
17.644342,0.85026646
9.5987215,11.020149
17.441723,17.778765
-45.54664,0.2912818
0.7277292,3.2579377
-6.4086075,5.921602
4.3953104,-2.5935783
-0.9996303,15.873497
3.642227,18.691357
-0.270639,-12.385761
3.8758368,1.5983864
-1.5689723,-21.982388
18.187862,42.850204
-44.175728,9.484562
13.490236,2.3179634
15.708308,2.6192036
-44.412785,10.588156
12.622527,14.2729225
-16.199217,10.116977
22.833565,-6.77271
19.194954,-2.0627472
16.070068,41.80649
26.495268,6.3380957
19.55208,-4.3471246
8.942586,4.346862
-5.1269665,-12.496398
-15.532671,18.03106
11.332678,5.6986804
11.7095,35.858353
9.226577,17.51751
-21.473846,7.8122463
-14.248699,19.25156
-0.084103666,-13.708025
20.452549,7.707338
7.746687,2.5350218
3.3569088,-1.1182207
1.4904755,5.942844
-3.1889484,-17.064852
-11.604008,20.234638
10.526427,-10.41308
13.974454,5.2280602
9.484413,-8.897365
23.049936,6.158016
12.755502,38.199722
17.038445,-3.2601511
13.137685,39.900364
10.516267,-1.8627306
9.448994,8.907184
12.363223,37.048912
9.039113,10.714321
-45.38658,2.398989
-3.439162,-20.389727
-0.10104051,-22.298769
-18.538439,11.673725
0.043308068,6.582099
10.480688,5.169548
-42.490784,-1.6015532
0.56374276,-12.572896
-14.333554,17.273619
-6.1657944,-9.513737
8.3734865,-0.21906544
10.942131,1.2901533
13.547169,-0.855473
4.129832,10.788805
14.020631,39.43941
-18.630447,16.489384
31.09137,-15.270432
-4.422147,-12.018699
-46.89648,6.9380107
-19.358849,15.815795
-43.846104,9.810072
10.557862,-3.222259
8.931746,1.5910401
12.850341,6.186716
4.6428905,1.1341738
22.291275,5.3418255
-1.479707,-24.778555
10.2507305,9.562428
-43.924538,9.968809
4.4204698,2.6833913
-5.5328403,-14.095128
-40.528866,3.1870823
8.973315,5.862565
-43.763775,-1.4082503
-14.270414,20.163162
8.796495,2.2864482
10.0059,3.6400406
12.475149,6.9993277
-44.61031,11.505301
5.739386,2.855762
8.890825,3.0411608
-1.450075,-16.348516
-43.735275,-1.8752978
18.998096,7.5301423
-45.27905,1.9651729
31.985594,-16.55441
-44.944164,-0.4257552
-48.570168,13.945028
-21.06915,8.157431
-15.297562,19.291893
-14.378871,19.79199
3.2761724,1.6474069
13.593531,-12.050692
1.0138876,-19.866886
4.437923,-19.135807
-47.423874,12.524239
-3.984337,7.4190354
9.3160515,4.1362886
-46.12601,-0.01622416
-3.8586986,-0.5950645
-6.6943955,7.7948594
24.155014,7.58568
2.5446992,-2.6029873
15.224147,-1.1189939
20.473043,14.745036
15.830704,17.989262
12.218266,13.672524
-19.10242,11.745874
21.790485,9.747224
-46.26894,-1.7251818
23.668646,8.255227
6.683606,4.292979
19.53007,4.8985586
-16.172264,12.544133
11.187479,4.036262
-43.50835,2.8269358
19.040716,13.748971
16.738483,4.827128
-15.34025,20.95079
7.494513,4.935898
-45.273823,8.429187
10.438083,4.5649867
-40.134422,1.2636526
3.827671,3.342311
-46.1246,11.565662
-40.315903,3.5640705
-4.353055,-9.897518
-13.162336,15.913642
-7.550827,10.4416485
0.9063417,7.302866
6.903301,8.323982
-14.110645,19.87672
14.610064,6.83361
14.090025,38.446007
1.401345,-5.6253643
-15.399647,17.07815
-44.698444,0.352669
-17.50593,20.202587
19.837118,14.499577
8.260551,-3.1094954
-46.878178,11.628369
-45.58763,-0.90349275
-41.620083,1.6624571
10.125175,2.6263928
-10.738168,-15.736575
-8.328031,11.267144
-38.932896,2.655626
-0.04430956,-0.28558657
9.599855,-2.1868012
16.45797,3.1510751
23.076038,7.0435185
21.914202,9.759776
15.459771,18.074865
0.3014332,-14.703275
9.698527,0.81028765
-4.9226737,-17.04494
17.381102,9.309075
16.485712,1.8105747
3.3234048,-11.240416
12.06256,15.830037
10.921863,2.8457386
38.160244,-23.634266
6.024684,5.15728
-46.244556,0.6372437
-3.1183047,-15.889076
16.377504,5.690373
8.82603,-16.036806
14.311105,15.910155
-7.2792044,-14.961197
21.502943,-4.0505943
-42.889038,-1.138108
4.977727,3.5151532
37.965355,-23.377304
2.2735324,17.355942
-13.340649,12.484669
16.032204,-2.0543149
22.753054,6.9089155
-5.6531725,-24.976692
11.5007,4.6145554
-49.243893,-0.67377144
10.534923,15.5338545
7.602446,12.794799
8.084671,-3.4652596
-40.781914,0.07340443
-18.883577,14.903188
-5.556281,-23.682575
2.2440815,10.079751
-17.706806,14.953877
1.5077232,-2.4767811
-45.9826,0.08219775
12.720434,4.2021465
-0.215222,0.57387686
-42.62108,5.0168805
-42.837933,11.15561
-9.180242,-3.1736672
7.570727,0.81823194
-12.137295,-15.02638
-5.728378,-18.894419
-16.747301,21.156284
-42.778595,3.6919672
16.269112,17.223421
23.111067,8.362322
-12.666675,16.876745
11.783406,38.21531
17.503344,0.80820256
-0.133241,-19.067974
12.899737,5.9554086
2.6531465,-6.865124
17.98716,6.8702
12.696454,37.680683
17.853464,3.5815706
2.5444899,-8.964209
-14.234005,13.245149
3.8266015,-15.243845
12.331452,37.416576
-40.80337,1.0324876
-15.489441,7.904702
10.281543,12.74698
-41.794754,2.575344
-42.795982,1.4814475
10.247959,8.717031
9.84413,5.723356
37.61566,-23.091341
7.615847,-11.977556
-2.1108289,-19.504677
9.44879,-4.708796
-0.6328711,6.495131
-1.3884183,4.154646
9.463778,0.22976008
-14.543398,19.094307
-42.51891,2.889775
5.373364,1.1315408
15.537599,15.521374
10.224983,-1.3491663
11.156921,6.502575
12.84009,8.849952
0.6823814,-3.4969826
-6.8690968,-17.801128
-1.4989766,-8.563911
2.1686714,-10.657572
37.339252,-24.719265
-45.622955,12.217458
-43.361393,4.204798
-40.552383,0.8813435
9.926831,1.9444743
12.532762,1.960338
20.299522,14.774775
19.259195,4.2532024
4.387269,-18.741478
-47.96014,12.272708
11.039449,6.5604753
-18.781933,18.176216
-47.585903,11.3841715
6.833084,3.1195462
3.473216,0.16492683
19.62787,8.556886
15.313244,6.534485
-44.88002,-0.8052153
11.128344,32.546356
12.48669,36.843563
-41.294006,4.1374755
17.753513,7.6830993
-46.03634,10.529254
12.245433,1.2616385
10.969461,2.7222605
-4.5047135,-19.769197
-7.088708,-18.839586
-1.8647516,-19.475107
6.1716433,-7.815862
-47.699642,-0.958115
-19.085764,11.842178
1.405472,8.730013
13.950305,15.085523
8.678922,-7.255002
2.665201,-22.512426
-17.368307,18.485804
-42.122852,1.3920836
-2.6658614,-11.92379
0.10278849,4.6791267
-5.905524,7.738206
9.902517,-4.5179753
7.9444656,1.7821765
18.121462,8.350864
-15.820036,12.685796
-44.59907,0.0125337755
24.28923,8.091793
-45.327625,9.175565
-6.0407314,-16.912434
-47.048744,-0.12844068
11.855196,4.616875
-47.09028,13.256515
36.79888,-22.990715
-10.556383,-6.915145
-12.380362,16.956646
8.094645,2.7193367
-8.500048,-11.706396
14.510983,6.3483977
-45.587612,1.5385538
6.5403366,-14.833254
15.94955,1.6978394
16.090038,14.35474
38.07097,-24.20099
1.1481866,-10.78866
-42.787605,2.0870361
4.831032,-0.14883086
10.67469,5.6592236
-39.670166,0.6375785
9.37538,5.49765
-15.165708,9.350105
-5.2422285,-18.005564
-43.42901,7.4070787
5.9538755,-0.96973395
2.656686,12.7287
-42.889973,0.052626617
-3.1703038,-20.376562
18.964725,-15.154239
9.126788,9.365569
8.751897,10.511105
-7.9951215,8.4677515
14.860347,-2.5660965
-4.14938,-17.184519
7.165418,2.6846693
8.470151,6.905353
-41.373352,2.6932375
-1.1233946,8.455568
10.364871,10.25092
7.873396,-0.9533258
2.4250743,-12.997654
23.358839,-2.9438798
17.55599,-4.7053947
0.06603194,-18.112408
6.4783688,3.066722
15.409439,3.898294
-43.032578,3.9640393
7.4206295,4.0419474
6.6466646,5.1218567
12.566171,1.5749091
35.408657,-21.657034
-45.363743,11.883334
-1.3492596,-20.578438
-0.7476544,-22.679913
3.4606822,2.740847
22.136114,4.55061
-43.36973,7.3477616
4.849356,9.711774
-1.0229803,-23.527355
15.14101,8.468669
6.0205426,10.439571
12.530702,36.978527
21.169048,14.961107
3.6592093,5.0186644
12.808129,-1.6824441
-17.789848,18.091173
9.6151285,-2.0511615
9.292566,-10.351534
20.010082,5.3072534
0.30250844,-17.762022
-45.063324,1.2314615
19.728365,14.114946
-4.328504,-6.1011605
3.4869804,-0.4844644
18.186386,42.210163
-1.7431217,-14.275543
12.893855,2.9676628
5.989345,3.7549198
9.707825,-5.705503
4.944629,0.30052978
13.060587,17.449068
14.140927,3.069328
15.373362,9.887268
-43.276264,-0.28782913
-44.35183,9.660578
14.4566345,12.02267
-43.714638,1.6671655
20.917582,9.589046
8.707995,-5.455018
-40.36096,1.6671844
18.742142,5.9689255
14.728516,1.330355
9.7369175,1.8331393
-17.709604,17.837227
-19.243057,13.12877
2.7993162,6.272041
39.02276,-24.256063
-1.6766288,8.054073
11.180864,34.792713
35.45088,-23.73364
21.108465,14.917161
5.034955,-8.871925
-13.899287,13.880989
-0.6298165,-19.196787
6.887841,-5.6093864
12.058556,35.92916
18.779322,3.7560747
2.369477,-2.0479386
21.391802,6.3904
-17.65949,17.971258
9.426071,-7.616758
-0.8172195,-12.440291
1.081942,-0.88223946
32.972137,-17.773533
10.60453,1.9003694
7.3828387,16.43983
12.21114,5.258752
6.789073,0.6809981
-2.356274,-23.537447
13.309892,0.8864849
19.902323,0.058289435
-46.113598,12.8605175
-43.181953,0.61657864
3.98908,-2.2209554
20.699165,7.1849732
5.5910716,3.4449365
11.925615,6.9332395
-48.159023,-1.7881011
6.3613114,0.04655786
0.25429818,-22.921465
8.887055,4.417516
9.494958,5.596632
-2.4592464,9.49833
-8.824587,8.853668
6.7320747,5.752237
14.758769,3.725132
11.774921,5.6296005
13.481825,4.5357122
24.218319,7.845465
31.730024,-16.10634
1.2478939,1.2943791
5.891216,5.0228753
8.787865,-2.9013617
-7.8703556,6.8823037
-8.671998,-8.682318
-15.449823,18.759293
-0.8566493,-20.58469
-41.872368,0.73109615
11.564416,14.798563
6.039554,1.6121284
20.22091,7.4071074
23.123203,8.941664
4.856057,-13.186029
-41.098515,1.5487467
12.635157,7.636758
19.29164,-0.8592585
-3.9279404,-20.982582
-1.3799083,-22.208433
-2.6320484,-4.162997
13.964937,4.8554883
11.525714,8.863489
10.562985,0.029229853
17.666185,11.446919
15.738455,6.4524617
-2.3230968,-24.113642
-15.49905,12.761104
6.770889,-12.055279
35.497112,-21.923452
20.533247,13.353223
-41.36669,3.271452
3.003409,-12.2577715
12.010599,6.365281
12.713966,5.2269406
7.7403646,2.1335416
16.016926,17.645533
-39.802376,2.3173013
9.181867,-1.5263767
13.471867,14.80093
-2.1095152,-19.089212
38.2827,-25.252914
15.881192,17.598936
-17.048862,20.061441
10.432734,-0.7416278
5.4425454,-1.488207
0.4608063,-14.710664
-15.663541,20.738708
12.318354,0.16958486
10.016925,-0.0040487926
-2.0042832,-21.352888
6.09862,-6.5277004
4.7074685,-11.054608
-8.436516,-9.9088545
-46.319176,-1.4964802
26.530682,7.6623993
3.5451226,-0.41236907
16.219213,14.056808
4.020056,0.9023256
10.222652,-2.5443048
1.4763999,-20.707787
-5.5897746,10.6795845
16.72823,6.6513224
15.832124,0.65519625
-42.899563,4.288216
4.626881,9.871848
-11.517487,20.415476
15.739823,1.0743353
5.4235067,10.6679
-0.11823438,9.374862
13.834337,3.363153
3.6839135,18.67821
6.357581,4.2606597
1.4193426,-16.289951
32.45066,-17.129103
10.716617,2.5938604
13.584396,7.014408
-18.091497,14.469366
7.42877,3.3744028
-40.992188,2.114851
12.16883,4.4392514
16.054295,19.897243
-43.852848,-0.45511782
-40.192673,0.67524534
6.809144,2.1103103
-17.67868,17.109308
17.392612,7.7469935
19.32524,-2.2165017
-15.922665,17.893883
11.677332,8.60063
-1.1364143,13.887948
-44.557774,11.899386
34.70186,-20.778492
35.757854,-22.261011
7.6629205,-1.0300238
15.084314,8.412544
-43.87648,0.70511055
-41.30355,2.93249
-0.057004433,-8.719711
-18.89125,16.92924
-44.601532,11.922107
40.5374,-26.954203
16.232012,18.676647
-13.825205,18.19538
-42.154892,9.9238
16.644806,42.447987
-41.416683,0.87094235
11.404727,33.322735
6.27501,2.722604
11.153556,-2.3575969
11.521014,0.33423042
9.355796,2.900976
0.42381108,-8.549445
6.8503575,-10.751207
-43.017765,3.529895
4.673998,3.0053575
11.802294,35.800064
3.4096954,10.241924
7.2227464,6.534202
-5.257685,-16.104492
12.112362,-7.7868032
-0.86741656,-15.616979
15.1128025,2.9806376
5.293413,6.274342
9.636278,-3.3033142
9.091539,-0.99004376
-42.173138,1.6060665
-46.13915,11.206767
11.714203,5.4946957
-18.180902,19.507475
-5.475154,-7.4091525
-6.5442176,9.101062
21.528883,15.084783
34.7126,-20.506716
-3.4614706,-15.791682
15.654982,0.32546732
1.7078754,-12.557456
15.586136,0.6139356
1.7930393,3.5340362
-14.213066,14.809967
15.776491,41.69712
10.0951605,9.660941
19.515396,-2.2761116
-44.110424,0.9332014
15.404236,1.7970859
-42.21338,10.031848
-11.031897,-9.075061
15.108365,1.8409715
18.817562,7.7742023
12.128435,5.7502713
-1.1034238,-14.560679
0.52539057,5.3915486
11.441723,34.629288
15.512107,-3.8586757
-0.6420064,-20.770733
0.75532854,-17.092712
-15.580328,9.606897
-41.08475,1.9088812
16.279806,18.680538
-43.293488,1.2531064
-44.682003,-1.0418969
-48.08045,11.628832
-14.037097,18.086166
-0.14201754,-21.97591
26.675089,7.2534943
6.9679937,-1.7816056
-43.460445,9.81638
8.521406,-5.9041696
-7.9370656,2.8633714
20.463396,6.382518
8.1126585,-4.6479154
5.5136385,0.55265665
-11.917344,12.430127
10.411697,3.1301384
-1.9937761,-17.537868
16.897213,0.2330769
20.942417,10.6778345
-42.73498,3.551187
-41.32313,2.1056707
-43.681026,10.055416
-5.6327224,-16.793835
6.2640166,3.5356789
12.516567,1.5093074
-41.985016,0.70819545
2.3808475,15.382299
-14.308208,12.632653
8.366389,10.115848
-45.619446,11.567818
8.488594,9.060722
-14.609153,19.978916
-8.033864,-16.935438
18.71754,6.8119793
-0.98911774,-15.538485
14.348456,1.0612807
34.41643,-22.26086
-44.965847,0.52603966
9.639178,-1.7636455
-14.787381,15.891231
-40.132584,0.3954718
3.0595052,8.8431425
9.062538,-3.9251885
1.9772856,0.7035961
15.575585,9.610887
8.868506,3.440252
9.389591,1.5720905
5.9863157,8.921848
11.173351,32.31328
12.809768,3.982025
-0.79693085,-12.537996
17.252945,6.5112343
10.5712805,-4.319773
12.422437,1.6761618
16.92188,14.780892
-0.09537466,-16.125149
-0.46236008,-10.494587
-41.869736,3.444138
15.196029,14.335636
7.6279526,-0.9932333
2.05705,15.337185
20.836205,7.325612
-15.069785,10.008795
-44.41294,1.7364362
8.877072,-8.392785
-18.37782,14.386157
-0.04965374,-16.621902
-8.335045,-7.565534
8.633831,0.6611781
-41.868675,9.858603
19.639713,6.4701967
15.553991,14.938648
-42.332687,-0.29418388
-44.39405,11.149226
-40.790157,1.7691531
5.0642037,2.259636
11.180569,7.6140604
-0.74485046,-13.552956
18.124931,6.031678
0.11460308,14.771145
-0.8088157,-22.722282
-0.35644838,-19.871094
-43.53365,0.21047272
2.7790158,1.8668548
18.764992,6.7749944
-14.148918,18.79341
-44.18742,-0.6607807
26.769106,6.5601597
-5.564205,3.5660572
-47.916203,1.8089322
-39.878353,2.7947865
3.4633784,-15.391974
-43.566166,0.14622058
-5.1902695,-8.257893
-43.110653,-1.6624255
-1.7981331,-22.948408
18.96875,-15.15128
15.16091,-0.1781967
-0.8075294,-15.418152
-44.998066,11.52515
-43.60091,1.651924
19.330088,6.8267756
4.1331077,14.040872
16.376827,18.011171
16.751202,-10.365206
-44.030792,9.3488035
12.7768345,9.052418
38.065086,-25.52253
-16.480581,20.666883
35.412376,-23.083883
-8.09022,-7.0963926
0.4918534,-14.952323
-14.595596,20.743742
15.379633,14.885935
-0.5317852,-14.753481
-2.3698683,-22.479635
6.4854665,1.741293
14.920181,13.670548
7.9070945,1.5800216
20.905546,6.5403323
8.590672,-10.385868
19.428707,6.8679395
11.27674,33.326035
-5.1831536,-10.772879
-39.840313,1.1290041
-41.83437,9.855014
7.417333,0.12060573
9.167501,2.6239827
36.262806,-21.78493
10.181918,-6.381515
18.96506,-15.156862
0.29197595,-15.445958
9.697409,-1.0119976
13.056412,10.42001
19.205992,13.750552
-43.454384,1.8920512
16.218489,17.774488
-6.539252,10.368265
8.891075,9.563294
1.1848911,-13.785074
-0.3280264,-21.064339
19.769339,6.6933756
-5.8457775,6.746761
-4.7151794,-13.877403
-0.5257733,-13.862905
12.605326,4.029531
20.44559,7.032973
21.369764,7.0919466
32.480804,-16.949282
-1.0210301,-24.004185
7.0729485,2.3684447
-14.143899,17.961393
-40.22683,4.0835037
-43.731953,0.9310177
-16.889008,17.810848
-40.685654,1.0832835
-41.04757,1.8243861
-1.5052245,-13.100077
15.153182,1.1159948
2.3070176,15.6712
14.425869,6.25633
-15.46126,12.849837
8.990538,0.30677775
-44.875484,0.02428214
13.212586,2.5467887
-47.679504,12.852068
7.3737135,3.0124817
-10.699656,14.264514
5.9752684,-2.8666277
-45.091404,0.18961813
-47.339554,-0.606755
14.090715,7.335977
31.282007,-15.546301
-2.6886067,-15.435193
15.965829,0.1382202
1.1098702,-9.228694
13.884355,38.177025
-47.448593,-1.3084854
17.173603,0.2893945
11.526318,13.025047
15.502371,4.0915
15.104395,14.927083
10.664601,2.1782362
12.12941,0.002007232
12.4998255,5.540511
1.4972563,11.641877
6.00998,-14.797727
-0.48968023,-21.678389
-1.7444375,-6.552919
35.877697,-21.223293
-15.956558,13.725475
2.278874,10.02012
1.3966514,-13.295778
18.964994,-15.165413
12.324345,6.5517964
1.7890947,7.1175666
-14.787636,14.873352
2.483669,-12.889716
14.040896,2.0250936
10.732603,-4.7395167
4.646187,4.2357516
-6.5812154,-16.19727
9.799111,6.721756
-0.6383959,-16.335194
-45.673847,1.9410149
0.90130925,-19.587042
2.4191413,2.7751827
-2.2468529,-15.810665
17.935925,6.25099
-5.252594,-10.728296
2.0947711,-16.57127
-14.701434,17.93839
-14.700548,10.816245
-0.8561177,-19.395086
-38.565964,-0.32982016
-1.721453,-21.139399
-42.168186,9.936342
-38.77687,2.617339
-0.37000287,-20.725443
-14.8402815,18.225985
8.107112,3.7094185
-5.0850697,-6.775182
17.372625,-1.9554023
7.1007676,-9.516263
-15.267199,8.507455
-0.021387642,-21.657583
-5.0946145,-15.2531
-14.152051,13.218322
6.1897664,-11.751459
16.131338,-1.1706051
13.043086,14.237436
18.850594,-0.13041273
-0.5110041,-15.432225
-0.25575766,-18.223656
5.96547,5.625185
7.9108467,4.2420435
-3.1162615,-20.798225
-1.4027587,-19.997202
0.5266816,-21.489264
21.72489,2.84529
19.777609,-3.7845612
8.711492,-5.420497
1.3449528,14.956537
-45.966988,1.4071382
-1.4123998,-13.867094
10.80195,1.4268959
-14.656137,10.575147
-14.92234,17.899403
-2.5437143,-19.982048
-45.375587,12.189355
8.076533,-8.480881
-8.278448,-11.476933
6.395916,11.427255
-3.9715376,-6.929351
-1.6678357,-16.15719
13.654815,12.541641
7.1759357,-4.8506966
16.692034,8.387101
23.332436,7.275497
14.414899,13.097711
-1.3289677,-13.382846
-5.6190424,6.629559
10.72111,3.450886
-45.61119,11.864925
-15.218791,17.444496
13.724399,5.88846
-15.365723,12.95255
-47.80494,2.3524854
-42.678528,0.9889647
-1.2179879,-22.088438
16.091166,3.8649576
11.529652,1.9475133
0.19771832,-21.128275
4.9670014,-13.129991
13.579882,10.80453
-44.21788,2.0693204
12.99594,10.559605
5.5146227,-12.275843
-44.591656,11.22335
-0.5457735,-17.11447
10.003725,13.782634
20.477903,4.9818044
-15.842043,20.281578
-43.447083,10.878123
2.5608964,14.392424
-0.5431549,-21.147875
15.98133,-1.123803
-44.357574,11.063186
-0.101022705,-8.408265
-4.0352864,-16.019688
14.587147,3.4983566
-13.184979,12.367908
3.9185295,-13.586722
7.1741934,-11.172019
-14.902825,19.138184
0.9888514,-8.449649
4.091469,6.6271386
-0.70952445,-15.48697
4.807707,2.4338582
20.165293,5.096437
-43.186085,2.0874674
-2.42363,-6.758957
-41.834488,0.1488109
15.2613125,-1.8942986
20.304317,7.315978
3.2419374,9.8288
13.570653,15.334892
24.253788,7.947181
6.5698547,-11.485265
6.4519634,1.8823271
7.977592,-2.973942
8.933591,-11.779765
21.421673,15.041145
4.490686,-0.5702138
2.865752,-12.393474
9.001155,-2.1638093
18.97169,-15.185795
2.2439957,-0.3028143
9.870511,9.981046
0.16095929,-15.453918
-1.5287936,-14.168982
8.15404,1.6540273
-5.090967,-7.008956
-9.063651,9.388755
-15.698832,20.138752
-15.139845,19.146397
10.058624,3.1802702
10.821019,4.8033237
15.253088,1.1158484
4.7331986,0.43996492
13.209223,1.3730088
-14.140526,18.775732
0.081120476,-14.886034
9.14871,-8.03228
4.38914,10.458611
16.246655,17.880568
12.729173,14.365587
-9.03394,9.009793
16.760656,17.99528
